"order","provincia","city","categoria","categoria_label","titulo","descripcion","precio","precio_display","rating","distintivo","keywords","etiqueta_pie","url_getyourguide","imagen","imagen_old","zonas"
"1","barcelona","barcelona","sea","Sea Experience","Sunset Sailboat Trip with Open Bar & Snacks","Relax on a luxury yacht along the Barcelona coastline at sunset. Enjoy unlimited drinks, fresh snacks, and a swim in the Mediterranean.","48","from 48€","4.9","","sunset sailboat trip open bar snacks yacht sea boat","Small Group","https://www.getyourguide.com/barcelona-l45/barcelona-2-hour-sunset-sailboat-trip-t173643/?partner_id=IBO5PAK&utm_medium=local_partners","https://cdn.getyourguide.com/img/tour/6c830d66ed2b49a95dca0aa7b01a23ec4f076e69af30622628026dfb4ba8d346.png/99.jpg","images/sunset_sailboat.png",""
"2","barcelona","barcelona","culture","Culture","Sagrada Familia: Skip-the-Line Ticket","Bypass the notoriously long lines and explore Gaudí's unfinished masterpiece at your own pace with a multi-language audio guide.","34","from 34€","4.8","travelers-choice","sagrada familia skip the line ticket audio guide fast track","Fast Track","https://www.getyourguide.com/barcelona-l45/sagrada-familia-skip-the-line-ticket-t50027/?partner_id=IBO5PAK&utm_medium=local_partners","https://cdn.getyourguide.com/img/tour/62bacf6a87bba.jpeg/99.jpg","images/sagrada_familia.png","badalona|castelldefels|cerdanyola-del-valles|cornella-de-llobregat|el-prat-de-llobregat|granollers|l-hospitalet-de-llobregat|mataro|mollet-del-valles|rubi|sabadell|sant-boi-de-llobregat|sant-cugat-del-valles|santa-coloma-de-gramenet|terrassa|viladecans|vilanova-i-la-geltru"
"3","barcelona","barcelona","culture","Guided Tour","Sagrada Familia: Guided Tour + Tower","Discover the hidden symbolism of the Sagrada Familia with an expert local guide and climb the towers for panoramic city views.","75","from 75€","4.7","","sagrada familia guided tour tower access architecture","Expert Guide","https://www.getyourguide.com/barcelona-l45/barcelona-sagrada-familia-tour-optional-tower-visit-t72879/?partner_id=IBO5PAK&utm_medium=local_partners","https://cdn.getyourguide.com/img/tour/590354fed56f6.jpeg/99.jpg","images/sagrada_familia_towers.png",""
"4","barcelona","barcelona","culture","Guided Tour","Sagrada Familia: Skip-the-Line & Guided Tour","Enjoy priority access and a comprehensive guided tour of the basilica, learning about Gaudí's inspirations.","63","from 63€","4.8","travelers-choice","sagrada familia skip the line entry ticket tour","Fast Track","https://www.getyourguide.com/barcelona-l45/barcelona-sagrada-familia-skip-the-line-entry-ticket-tour-t288805/?partner_id=IBO5PAK&utm_medium=local_partners","https://cdn.getyourguide.com/img/tour/448290a706817776.jpeg/99.jpg","images/sagrada_familia_interior.png","badalona|castelldefels|cerdanyola-del-valles|cornella-de-llobregat|el-prat-de-llobregat|granollers|l-hospitalet-de-llobregat|mataro|mollet-del-valles|rubi|sabadell|sant-boi-de-llobregat|santa-coloma-de-gramenet|terrassa|viladecans"
"5","barcelona","barcelona","culture","Culture","Park Güell: Skip-the-Line Entry","Skip the line to explore Gaudí's famous monumental zone and gardens overlooking the beautiful city of Barcelona.","22","from 22€","4.6","travelers-choice","park guell entrance ticket skip the line","Top Rated","https://www.getyourguide.com/barcelona-l45/skip-the-line-park-guell-entrance-ticket-t53791/?partner_id=IBO5PAK&utm_medium=local_partners","https://cdn.getyourguide.com/img/tour/93473fd2896a1e0e.jpeg/99.jpg","images/park_guell.png","badalona|castelldefels|cerdanyola-del-valles|cornella-de-llobregat|el-prat-de-llobregat|granollers|l-hospitalet-de-llobregat|mataro|mollet-del-valles|rubi|sabadell|sant-boi-de-llobregat|sant-cugat-del-valles|santa-coloma-de-gramenet|terrassa|viladecans|vilanova-i-la-geltru"
"6","barcelona","barcelona","tours","City Tour","Hop-on Hop-off Bus Tour","Discover the city at your own pace with 24 or 48-hour access to open-top buses covering all major landmarks.","33","from 33€","4.5","travelers-choice","hop on hop off bus tour 24 48 hour","Flexible","https://www.getyourguide.com/barcelona-l45/barcelona-24-or-48-hour-hop-on-hop-off-bus-tour-t1225/?partner_id=IBO5PAK&utm_medium=local_partners","https://cdn.getyourguide.com/img/tour/5e171de5001c0983e952afec01e3c681c9ff5e451f649d366f14be8452a7ce09.jpg/99.jpg","images/bus_tour.png","badalona|castelldefels|cerdanyola-del-valles|cornella-de-llobregat|el-prat-de-llobregat|granollers|l-hospitalet-de-llobregat|mataro|mollet-del-valles|rubi|sabadell|sant-boi-de-llobregat|sant-cugat-del-valles|santa-coloma-de-gramenet|terrassa|viladecans"
"7","barcelona","barcelona","sea","Water Sports","Jet Ski Rental (No License Needed)","Experience the thrill of riding a jetski along the beautiful Barcelona coastline. Safe, fun, and no license required.","71","from 71€","4.8","","jet ski rental without license","Action","https://www.getyourguide.com/barcelona-l45/barcelona-jet-ski-rental-without-a-license-30-minutes-60-minutes-t1012539/?partner_id=IBO5PAK&utm_medium=local_partners","https://cdn.getyourguide.com/img/tour/651098ced076b3cca4cb135a512583334c9ff251b30f66bb81afd7f25b0673a2.jpeg/99.jpg","images/jetski.png",""
"8","barcelona","barcelona","culture","Culture","Casa Batlló: 10D Experience","Immerse yourself in Gaudí's magical world with a spectacular 10D augmented reality self-audioguide tour.","29","from 29€","4.8","travelers-choice","casa batllo 10d experience self audioguide","Immersive","https://www.getyourguide.com/barcelona-l45/barcelona-casa-batllo-10d-experience-t398519/?partner_id=IBO5PAK&utm_medium=local_partners","https://cdn.getyourguide.com/img/tour/aa3ab6c4aaa9cc0c.jpeg/99.jpg","images/casa_batllo.png","badalona|castelldefels|cerdanyola-del-valles|cornella-de-llobregat|el-prat-de-llobregat|granollers|l-hospitalet-de-llobregat|mataro|mollet-del-valles|rubi|sabadell|sant-boi-de-llobregat|sant-cugat-del-valles|santa-coloma-de-gramenet|terrassa|viladecans|vilanova-i-la-geltru"
"9","barcelona","barcelona","tours","Day Trip","Costa Brava Day Tour with Lunch","Escape the city for a full day of pristine beaches, picturesque coastal towns, and a delicious traditional lunch.","75","from 75€","4.7","","costa brava day tour lunch","Full Day","https://www.getyourguide.com/barcelona-l45/discover-the-costa-brava-from-barcelona-t56179/?partner_id=IBO5PAK&utm_medium=local_partners","https://cdn.getyourguide.com/img/tour/62d10aa996e20.jpeg/99.jpg","images/costa_brava.png",""
"10","barcelona","barcelona","tours","Active Tour","Historical Bike or E-Bike Tour","Cruise through historic neighborhoods and hidden gems on a comfortable bike or e-bike with a local guide.","23","from 23€","4.6","","bike e-bike historical tour","Eco-friendly","https://www.getyourguide.com/barcelona-l45/barcelona-25-hour-bike-or-e-bike-historical-tour-t99678/?partner_id=IBO5PAK&utm_medium=local_partners","https://cdn.getyourguide.com/img/tour/b3df3f1f0d404add56cb7eab2a90ab48338ed603d9e4b98ab8bcd26d9d8bf68b.jpeg/99.jpg","images/bike_tour.png",""
"11","barcelona","barcelona","tours","Day Trip","3 Countries Trip: Andorra, France & Spain","Visit three countries in one epic day! Explore the Pyrenees mountains, thermal springs, and charming villages.","65","from 65€","4.8","","guided day trip andorra france spain","Full Day","https://www.getyourguide.com/barcelona-l45/from-barcelona-guided-day-trip-to-andorra-france-and-spain-t436024/?partner_id=IBO5PAK&utm_medium=local_partners","https://cdn.getyourguide.com/img/tour/db19d7fe1131c1ca4bea64a4089d0e2128f2662792a9add5554ac7c399e1fa0d.jpg/99.jpg","images/andorra.png",""
"12","barcelona","barcelona","food","Nightlife & Show","Flamenco Show at Palau Dalmases","Experience the raw passion of authentic Spanish Flamenco inside a stunning 17th-century Gothic palace.","30","from 30€","4.8","","flamenco show palau dalmases","Live Music","https://www.getyourguide.com/barcelona-l45/barcelona-flamenco-show-at-palau-dalmases-t405115/?partner_id=IBO5PAK&utm_medium=local_partners","https://cdn.getyourguide.com/img/tour/afbdf8a8adeda43b4d738fca5f4a8124c9415c1332700dcdd8e8a786830ff237.jpg/99.jpg","images/flamenco.png",""
"13","barcelona","barcelona","sea","Sea Experience","Sunset Sail, Tapas & Live Music","Enjoy the Mediterranean breeze with premium tapas, live music, and cold drinks on a gorgeous sailboat.","61","from 61€","4.8","","sunset sailing tour tapas music dinner","Romantic","https://www.getyourguide.com/barcelona-l45/2-hour-sunset-sailing-tour-of-barcelona-from-port-vell-t108412/?partner_id=IBO5PAK&utm_medium=local_partners","https://cdn.getyourguide.com/img/tour/5c7fab43c09ec.jpeg/99.jpg","images/sunset_sailboat.png",""
"14","barcelona","barcelona","tours","Tours & Views","Montjuïc Cable Car Roundtrip","Soar above the city and enjoy stunning panoramic views from the iconic Montjuïc hill.","19","from 19€","4.6","","montjuic cable car roundtrip ticket views","Scenic","https://www.getyourguide.com/barcelona-l45/barcelona-montjuic-cable-car-roundtrip-ticket-t23477/?partner_id=IBO5PAK&utm_medium=local_partners","https://cdn.getyourguide.com/img/tour/546ccc9797ca7.jpeg/99.jpg","images/cable_car.png",""
"15","barcelona","barcelona","culture","Museum","FC Barcelona Museum: Barça Immersive Tour","Dive into Barça's glorious history and feel the stadium's magic in this state-of-the-art immersive exhibition.","30","from 30€","4.7","travelers-choice","fc barcelona museum barca immersive tour ticket","Sports","https://www.getyourguide.com/barcelona-l45/barcelona-barca-immersive-exhibition-ticket-t449261/?partner_id=IBO5PAK&utm_medium=local_partners","https://cdn.getyourguide.com/img/tour/6482d923576aa.jpeg/99.jpg","images/camp_nou.png","badalona|cerdanyola-del-valles|cornella-de-llobregat|el-prat-de-llobregat|granollers|l-hospitalet-de-llobregat|mataro|mollet-del-valles|rubi|sabadell|sant-boi-de-llobregat|santa-coloma-de-gramenet|terrassa|viladecans"
"16","barcelona","barcelona","sea","Water Sports","Costa Brava: Kayak, Snorkel & Cliff Jump","Paddle through crystal-clear waters, explore hidden sea caves, and cliff jump in the beautiful Costa Brava.","85","from 85€","4.9","","kayaking snorkeling costa brava cliff jump","Adventure","https://www.getyourguide.com/barcelona-l45/from-barcelona-kayaking-snorkeling-in-la-costa-brava-t119389/?partner_id=IBO5PAK&utm_medium=local_partners","https://cdn.getyourguide.com/img/tour/640f0704d14b6.png/99.jpg","images/costa_brava.png",""
"17","barcelona","barcelona","food","Food Tour","Tapas Walking Tour with Wine & Vermouth","Savor authentic local flavors, exquisite wines, and vermouth while exploring Barcelona's historic streets.","66","from 66€","4.9","travelers-choice","food tasting tour tapas wine vermouth","Gastronomy","https://www.getyourguide.com/barcelona-l45/barcelona-food-tasting-tour-tapas-wine-and-vermouth-t303593/?partner_id=IBO5PAK&utm_medium=local_partners","https://cdn.getyourguide.com/img/tour/62e6830d10ceb.jpeg/99.jpg","images/tapas.png",""
"18","barcelona","barcelona","tours","Day Trip","Montserrat, Cogwheel & Winery Tour","Visit the breathtaking Montserrat mountains, see the famous Black Madonna, and taste exquisite local wines.","39","from 39€","4.8","","montserrat cogwheel black madonna winery tour","Culture & Wine","https://www.getyourguide.com/barcelona-l45/barcelona-montserrat-tour-with-optional-winelunch-t382639/?partner_id=IBO5PAK&utm_medium=local_partners","https://cdn.getyourguide.com/img/tour/3be29c404103f00b.jpeg/99.jpg","images/montserrat.png",""
"19","barcelona","barcelona","food","Food Tour","Paella Cooking & Boqueria Market Tour","Cook authentic paella and explore the famous La Boqueria market with a local chef in a hands-on culinary experience.","72","from 72€","4.9","","paella cooking experience boqueria market tour food chef","Gastronomy","https://www.getyourguide.com/barcelona-l45/paella-cooking-experience-with-boqueria-market-tour-t44533/?partner_id=IBO5PAK&utm_medium=local_partners","https://cdn.getyourguide.com/img/tour/5eba3f690f289dfd5604e16facd02d8d61b9f568d3bc287bb88b858575da41ef.jpeg/99.jpg","images/paella.png",""
"20","barcelona","barcelona","culture","Culture","La Pedrera-Casa Milà: Ticket & Audio Guide","Visit Gaudí's iconic Casa Milà with its surreal rooftop chimneys and modernist design, audio guide included.","25","from 25€","4.7","","la pedrera casa mila ticket audio guide gaudi","Gaudí","https://www.getyourguide.com/barcelona-l45/barcelona-la-pedrera-casa-mila-ticket-audio-guide-option-t913286/?partner_id=IBO5PAK&utm_medium=local_partners","https://cdn.getyourguide.com/img/location/ee9f7cf42064d331.jpeg/99.jpg","images/la_pedrera.png",""
"21","barcelona","barcelona","culture","Museum","Picasso Museum: Skip-the-Line Guided Tour","Skip the line and explore the world's most complete collection of Picasso's early works with an expert guide.","239","from 239€","4.7","","picasso museum guided tour skip the line art","Art & Museum","https://www.getyourguide.com/barcelona-l45/barcelona-skip-the-line-guided-tour-of-the-picasso-museum-t808734/?partner_id=IBO5PAK&utm_medium=local_partners","https://cdn.getyourguide.com/img/tour/28f59f42be297ddecdff394012e2264dd15cbc61b862555907eb065311dfa928.jpg/99.jpg","images/picasso.png",""
"22","barcelona","barcelona","culture","Culture","Palau de la Música: Guided Tour","Step inside the Palau de la Música Catalana, a UNESCO modernist jewel with a breathtaking stained-glass ceiling.","24","from 24€","4.8","","palau de la musica guided tour modernist concert hall","Architecture","https://www.getyourguide.com/barcelona-l45/barcelona-palau-de-la-musica-guided-tour-t41657/?partner_id=IBO5PAK&utm_medium=local_partners","https://cdn.getyourguide.com/img/tour/cb2b8013528313b212ef094bbcceb95523a9afcc93441616f83b434b50ae4972.jpg/99.jpg","images/palau_musica.png",""
"23","barcelona","barcelona","culture","Family","Barcelona Aquarium: Entry Ticket","Walk through an 80-metre underwater tunnel surrounded by sharks and Mediterranean marine life. Great for families.","30","from 30€","4.5","travelers-choice","barcelona aquarium entry ticket sharks family kids","Family","https://www.getyourguide.com/barcelona-l45/barcelona-aquarium-entry-ticket-t61515/?partner_id=IBO5PAK&utm_medium=local_partners","https://cdn.getyourguide.com/img/tour/086f74df2002c7a9.jpeg/99.jpg","images/aquarium.png","badalona|castelldefels|cerdanyola-del-valles|cornella-de-llobregat|el-prat-de-llobregat|granollers|l-hospitalet-de-llobregat|mataro|mollet-del-valles|rubi|sabadell|sant-boi-de-llobregat|santa-coloma-de-gramenet|terrassa|viladecans"
"24","barcelona","barcelona","tours","Air Tour","Barcelona Helicopter Tour","See Barcelona like never before on a thrilling helicopter flight over the coastline, the port and the city's landmarks.","118","from 118€","4.8","","helicopter tour aerial flight skyline adventure","Premium","https://www.getyourguide.com/barcelona-l45/barcelona-helicopter-tour-with-local-guide-t603564/?partner_id=IBO5PAK&utm_medium=local_partners","https://cdn.getyourguide.com/img/tour/e13898af69eba0b2244759d8f1ec4919724e3fcd9ccb150e94d08fa9f734b44d.jpg/99.jpg","images/helicopter.png",""
"26","barcelona","barcelona","tours","Shopping Trip","La Roca Village Shopping Express","Shop premium fashion brands at up to 60% off at the elegant La Roca Village outlet, round-trip transfers included.","22","from 22€","4.6","","la roca village shopping express day trip outlet fashion","Shopping","https://www.getyourguide.com/barcelona-l45/from-barcelona-la-roca-village-shopping-expressr-day-trip-t425752/?partner_id=IBO5PAK&utm_medium=local_partners","https://cdn.getyourguide.com/img/tour/018d27de1968d1aefe8e59bf82e0e8aca991a4ca94cecca4c9f106ae76c75909.jpg/99.jpg","images/la_roca.png",""
"27","barcelona","barcelona","food","Nightlife & Show","Vivaldi: The Four Seasons Concert","Enjoy Vivaldi's Four Seasons performed live by a string ensemble in a stunning historic Barcelona venue.","26","from 26€","4.8","","vivaldi four seasons concert classical music live show","Live Music","https://www.getyourguide.com/barcelona-l45/barcelona-concert-a-vivaldi-the-four-seasons-and-more-t694860/?partner_id=IBO5PAK&utm_medium=local_partners","https://cdn.getyourguide.com/img/tour/bed359477b0111f80d6070400eed107c72d1a768caa8ac283fa671f77e05b890.jpg/99.jpg","images/concert.png",""
"28","barcelona","barcelona","tours","City Tour","Private City Highlights Tuk-Tuk Tour","Glide past Barcelona's highlights on a fun private electric tuk-tuk tour with a local guide. Perfect photo stops.","24","from 24€","4.9","","private tuk tuk tour city highlights electric eco","Private","https://www.getyourguide.com/barcelona-l45/barcelona-city-highlights-private-tuk-tuk-tour-t1043339/?partner_id=IBO5PAK&utm_medium=local_partners","https://cdn.getyourguide.com/img/tour/a5ad924fa7184a7a87b3bad3afc8d10ca4beae02f975f455b18f9ce528002a2f.jpg/99.jpg","images/tuk_tuk.png",""
"29","barcelona","barcelona","tours","Walking Tour","Gothic Quarter Walking Tour (10+ Sights)","Wander the atmospheric medieval streets of the Gothic Quarter and discover 10+ hidden landmarks with a guide.","22","from 22€","4.7","","gothic quarter walking tour old town history attractions","Walking Tour","https://www.getyourguide.com/barcelona-l45/barcelona-gothic-quarter-walking-tour-with-10-attractions-t503392/?partner_id=IBO5PAK&utm_medium=local_partners","https://cdn.getyourguide.com/img/tour/ff5f1f662cec5940e4c277f2f2238401f927cfa556ddeb6fa1c50b66b6207b70.jpg/99.jpg","images/gothic_quarter.png",""
"30","barcelona","barcelona","tours","City Tour","Essential Tour in a Vintage Electric Car","Tour Barcelona's icons in style aboard a classic vintage electric car with a private driver-guide.","36","from 36€","4.8","","vintage electric car essential tour gaudi sagrada highlights","Iconic","https://www.getyourguide.com/barcelona-l45/barcelona-essential-tour-in-a-vintage-electric-car-t1161228/?partner_id=IBO5PAK&utm_medium=local_partners","https://cdn.getyourguide.com/img/tour/99bc089cb1489e9b60247bea8014450db84d564e9254c1448f467452c61d7dbf.png/99.jpg","images/vintage_car.png",""
"31","barcelona","barcelona","culture","Culture","Park Güell: Guided Tour with Skip-the-Line","Skip the line and discover the secrets of Gaudí's colourful Park Güell with an expert local guide.","26","from 26€","4.7","travelers-choice","park guell guided tour skip the line gaudi","Top Rated","https://www.getyourguide.com/barcelona-l45/barcelona-park-guell-guided-tour-t419045/?partner_id=IBO5PAK&utm_medium=local_partners","https://cdn.getyourguide.com/img/tour/ce92bfd0b52bdc20679ddecfb9d8a1172b8f6887152ca3ecc858e004d5fad601.png/99.jpg","images/park_guell.png","badalona|castelldefels|cerdanyola-del-valles|cornella-de-llobregat|el-prat-de-llobregat|granollers|l-hospitalet-de-llobregat|mataro|mollet-del-valles|rubi|sabadell|sant-boi-de-llobregat|santa-coloma-de-gramenet|terrassa|viladecans"
"32","barcelona","barcelona","food","Nightlife & Show","Flamenco Show at the Theater","Feel the passion of authentic flamenco — guitar, song and dance — in an intimate Barcelona theater.","25","from 25€","4.7","travelers-choice","flamenco show theater live dance music","Live Show","https://www.getyourguide.com/barcelona-l45/barcelona-flamenco-show-at-the-theater-t76003/?partner_id=IBO5PAK&utm_medium=local_partners","https://cdn.getyourguide.com/img/tour/8d94bb036f911af8.jpeg/99.jpg","images/flamenco.png","badalona|cerdanyola-del-valles|cornella-de-llobregat|el-prat-de-llobregat|granollers|l-hospitalet-de-llobregat|mataro|mollet-del-valles|rubi|sant-boi-de-llobregat|santa-coloma-de-gramenet|terrassa|viladecans"
"33","barcelona","barcelona","tours","City Tour","City Sightseeing Hop-On Hop-Off Bus","Explore Barcelona at your own pace with 1 or 2-day hop-on hop-off open-top bus access to all top sights.","33","from 33€","4.5","travelers-choice","city sightseeing hop on hop off bus tour 1 2 day","Flexible","https://www.getyourguide.com/barcelona-l45/barcelona-hop-on-hop-off-tour-1-or-2-day-ticket-t4241/?partner_id=IBO5PAK&utm_medium=local_partners","https://cdn.getyourguide.com/img/tour/edac71d6a2dfed9d.jpeg/99.jpg","images/bus_tour.png",""
"34","barcelona","barcelona","tours","Day Trip","Montserrat: Cog-Wheel Train & Black Madonna","Ride the historic cog-wheel train to Montserrat monastery, see the Black Madonna and enjoy mountain views.","50","from 50€","4.7","travelers-choice","montserrat cog wheel train black madonna royal basilica day trip","Day Trip","https://www.getyourguide.com/barcelona-l45/montserrat-royal-basilica-cog-wheel-train-from-barcelona-t1177/?partner_id=IBO5PAK&utm_medium=local_partners","https://cdn.getyourguide.com/img/tour/63580375c2779b096cbc8dbdfb82c3e16efd2021569cccea569462ef6f554aee.jpg/99.jpg","images/montserrat.png",""
"35","barcelona","barcelona","culture","Culture","Park Güell: Guided Tour with Fast-Track Ticket","Skip the queue and discover Gaudí's colourful mosaic wonderland with an expert guide who brings its history to life.","25","from 25€","4.6","travelers-choice","park guell gaudi guided tour fast track skip line mosaic","Fast Track","https://www.getyourguide.com/barcelona-l45/gaudi-s-park-guell-guided-tour-with-fast-track-ticket-t663776/?partner_id=IBO5PAK&utm_medium=local_partners","https://cdn.getyourguide.com/img/tour/12261969cccf19bd40150fb39169265536f883fe5cd60c3ea0d66b3cce57517f.jpg/99.jpg","images/park_guell.png",""
"36","barcelona","barcelona","tours","Tours & Trips","Barcelona: Old Town Private Walking Tour","A private guide walks you through the Gothic Quarter's hidden corners, linking Barcelona's Roman past with its lively present.","41","from 41€","4.9","","old town private walking tour gothic quarter past present history guide","Private","https://www.getyourguide.com/barcelona-l45/barcelona-private-tour-past-present-t498339/?partner_id=IBO5PAK&utm_medium=local_partners","https://cdn.getyourguide.com/img/tour/6fb95c622641e3e766d9c688f63b68f1514a2b9042ed2bc9eae55f35f7b3b3da.png/99.jpg","images/gothic_quarter.png",""
"37","barcelona","barcelona","tours","Tours & Trips","Barcelona: Private City Tour by Eco Tuk-Tuk","Zip past the icons in an open electric tuk-tuk — a fun, breezy way to see the highlights without the walking.","24","from 24€","4.7","","private city tour electric eco tuk tuk sightseeing highlights","Private","https://www.getyourguide.com/barcelona-l45/barcelona-city-tour-by-electric-tuk-tuk-t415748/?partner_id=IBO5PAK&utm_medium=local_partners","https://cdn.getyourguide.com/img/tour/635a38a7e0b79.jpeg/99.jpg","images/tuk_tuk.png",""
"38","barcelona","barcelona","food","Food & Nightlife","Barcelona: Intimate Flamenco Show at Las Brujas","Feel the duende up close in a tiny candle-lit club, where raw flamenco song, guitar and dance are just steps away.","19","from 19€","4.7","","intimate flamenco show las brujas club live dance guitar nightlife","Live Show","https://www.getyourguide.com/barcelona-l45/barcelona-espectaculo-de-flamenco-intimo-en-las-brujas-club-t968509/?partner_id=IBO5PAK&utm_medium=local_partners","https://cdn.getyourguide.com/img/tour/8868892385f7249bce89a3b2699fd84e1afc00e23a5836874848e4d831173c28.jpg/99.jpg","images/flamenco.png",""
"25","tarragona","salou","tours","Theme Park","PortAventura, Ferrari Land & Caribe","Entry to PortAventura, Ferrari Land and Caribe Aquatic Park — one of Europe's top theme-park resorts near Barcelona.","74","from 74€","4.7","","salou portaventura ferrari land caribe aquatic theme park roller coaster","Theme Park","https://www.getyourguide.com/salou-l1884/salou-entry-to-portaventura-ferrari-land-caribe-aquatic-t115369/?partner_id=IBO5PAK&utm_medium=local_partners","https://cdn.getyourguide.com/img/tour/2994f5ab5af5bcff775ea4f98150fb4f5a697b03488d19a6dabfbb21668af112.jpg/99.jpg","images/portaventura.png","costadaurada|reus"
"39","tarragona","salou","tours","Theme Park","PortAventura & Ferrari Land: 1–3 Day Ticket","Europe's top theme park plus the world's only Ferrari Land — record-breaking coasters and thrills for the whole family.","54","from 54€","4.8","","portaventura ferrari land theme park roller coaster salou costa daurada 1 2 3 day family","Family Favourite","https://www.getyourguide.com/salou-l1884/portaventura-ferrari-land-tickets-1-2-or-3-day-entry-t115174/?partner_id=IBO5PAK&utm_medium=local_partners","https://cdn.getyourguide.com/img/tour/83bfcf830f2191fa4e3365338a67b6b9a08e1d578b62c34b6735cba58eb8a9e9.jpg/99.jpg","images/portaventura.png","costadaurada|reus"
"40","tarragona","salou","sea","Water Park","PortAventura: Caribe Aquatic Park Ticket","Cool off on tropical-themed slides, wave pools and lazy rivers at Costa Daurada's biggest water park.","24","from 24€","4.6","","caribe aquatic water park portaventura slides pool salou costa daurada family summer","Family","https://www.getyourguide.com/salou-l1884/salou-portaventura-costa-caribe-aquatic-park-ticket-t33815/?partner_id=IBO5PAK&utm_medium=local_partners","https://cdn.getyourguide.com/img/tour/4358858243d9046472ec3b888998f1f23df49d971384b62ee0f0b9d4011d9462.jpg/99.jpg","images/caribe_aquatic.png","costadaurada|reus"
"41","tarragona","salou","tours","Day Trip","From Salou: Barcelona Full-Day Panoramic Tour","Escape the coast for a day and see Barcelona's greatest hits, with free time to explore the city at your own pace.","54","from 54€","4.5","","barcelona full day panoramic tour free time from salou day trip costa daurada","From Salou","https://www.getyourguide.com/salou-l1884/barcelona-full-day-panoramic-tour-with-free-time-from-salou-t225756/?partner_id=IBO5PAK&utm_medium=local_partners","https://cdn.getyourguide.com/img/tour/5c9a07f8f2d18.jpeg/99.jpg","images/bus_tour.png","costadaurada|reus"
"42","tarragona","salou","sea","Sea & Adventure","Salou: All-Inclusive Beach Day with Driver & Lunch","Private driver, reserved sun-loungers and a beachfront restaurant — a hassle-free day soaking up the Costa Daurada sun.","326","from 326€","4.7","","all inclusive beach day salou driver transfer beach set restaurant sunbed costa daurada","All-Inclusive","https://www.getyourguide.com/salou-l1884/all-inclusive-beach-day-in-salou-driver-beach-set-and-restaurant-t1399334/?partner_id=IBO5PAK&utm_medium=local_partners","https://cdn.getyourguide.com/img/tour/c5fcb49cd3e8fe6b1288e0939e4c4c7081d15ce83fe95efc80ddea838f453638.png/99.jpg","images/salou_beach.png","costadaurada"
"45","tarragona","salou","tours","Adventure","Salou: Off-Road Quad Safari with Hotel Pickup","Kick up the dust on a guided quad adventure through the hills behind the coast — hotel pickup included.","90","from 90€","4.6","","salou off road quad safari atv guided hotel pickup mountains adventure costa daurada","Adventure","https://www.getyourguide.com/salou-l1884/salou-off-road-guided-quad-safari-with-hotel-pickup-t400058/?partner_id=IBO5PAK&utm_medium=local_partners","https://cdn.getyourguide.com/img/tour/932dbf6fab1538420f8bdfc92db87cff47034aceae4d6ddcb7f2c862abd80f76.jpeg/99.jpg","images/quad_safari.png","costadaurada|reus"
"46","tarragona","salou","sea","Adventure","Bosc Aventura Salou: Explorer Pack","Swing, climb and zip through a treetop adventure course — outdoor fun for kids and adults alike.","21","from 21€","4.5","","bosc aventura salou adventure park explorer pack zip lines ropes forest costa daurada","Outdoor","https://www.getyourguide.com/salou-l1884/bosc-aventura-salou-simple-pack-t379979/?partner_id=IBO5PAK&utm_medium=local_partners","https://cdn.getyourguide.com/img/tour/623efe530f790.jpeg/99.jpg","images/bosc_aventura.png","costadaurada"
"47","tarragona","salou","sea","Adventure","Salou: Bosc Aventura Zip-Lining Experience","Fly between the trees on a network of thrilling zip-lines set in a pine forest just outside Salou.","30","from 30€","4.5","","bosc aventura salou zip lining experience tyrolean forest adventure costa daurada","Outdoor","https://www.getyourguide.com/salou-l1884/salou-bosc-aventura-salou-zip-lining-experience-t416416/?partner_id=IBO5PAK&utm_medium=local_partners","https://cdn.getyourguide.com/img/tour/624f504bd15e7.jpeg/99.jpg","images/bosc_aventura.png","costadaurada"
"49","tarragona","salou","tours","Family","Salou: Minigolf Pass with Gear","A relaxed round of minigolf with all the gear included — a perfect easygoing plan for families.","7","from 7€","4.4","","salou minigolf pass gear family kids game course fun costa daurada","Family","https://www.getyourguide.com/salou-l1884/salou-minigolf-pass-with-gear-t937964/?partner_id=IBO5PAK&utm_medium=local_partners","https://cdn.getyourguide.com/img/tour/f0ad294cd196fcd599e4c53ec74f02994b4bf5306749fceda184735462ef4202.jpg/99.jpg","images/minigolf.png","costadaurada|reus"
"50","tarragona","salou","tours","Transport","Salou–Cambrils: Round-Trip Ferry","Hop between Salou and Cambrils by sea on a scenic round-trip ferry — a breezy alternative to the road.","14","from 14€","4.5","","salou cambrils round trip ferry boat transfer sea coast scenic costa daurada","Scenic","https://www.getyourguide.com/salou-l1884/cambrils-salou-salou-cambrils-round-trip-ferry-t221310/?partner_id=IBO5PAK&utm_medium=local_partners","https://cdn.getyourguide.com/img/tour/0af92e15abc865ea.jpeg/99.jpg","images/ferry.png","costadaurada|reus"
"43","tarragona","cambrils","sea","Sea & Adventure","Cambrils: Premium Sunset Catamaran with Drinks","Sail into the sunset on a spacious catamaran with Balinese beds, a swim stop and a drink in hand.","34","from 34€","4.8","","cambrils premium catamaran sunset cruise drinks balinese beds sailing costa daurada","Sunset","https://www.getyourguide.com/cambrils-l91400/cambrils-3h-premium-catamaran-with-optional-balinese-beds-t1394594/?partner_id=IBO5PAK&utm_medium=local_partners","https://cdn.getyourguide.com/img/tour/8271cfe31a4353cb2cf5ba96642e8e642771475471b0f6fa7e6419789905456e.jpg/99.jpg","images/catamaran.png","costadaurada"
"44","tarragona","cambrils","sea","Sea & Adventure","From Salou/Cambrils: Ultimate Speedboat Tour","Feel the adrenaline as you race along the Costa Daurada coastline on a private high-speed boat.","38","from 38€","4.7","","salou cambrils speedboat tour adrenaline coast sea fast boat costa daurada","Adrenaline","https://www.getyourguide.com/cambrils-l91400/from-salou-cambrils-ultimate-speedboat-experience-t170472/?partner_id=IBO5PAK&utm_medium=local_partners","https://cdn.getyourguide.com/img/tour/bb6f8edd26909c9f.jpeg/99.jpg","images/speedboat.png","costadaurada"
"48","tarragona","cambrils","sea","Water Park","Costa Daurada: Cambrils Inflatable Water Park","Bounce, slide and splash across a giant floating obstacle course right on the sea — pure summer fun.","20","from 20€","4.4","top-pick","cambrils inflatable water park floating obstacle course sea aqua park kids costa daurada","Family","https://www.getyourguide.com/cambrils-l91400/costa-dorada-cambrils-inflatable-water-park-t1345237/?partner_id=IBO5PAK&utm_medium=local_partners","https://cdn.getyourguide.com/img/tour/fef12fa1c933b87b552989e51c51838dc8a6e6d7c47da83798b9ad726dc527ee.png/99.jpg","images/inflatable_park.png","costadaurada"
"51","tarragona","cambrils","culture","Nature & Gardens","Cambrils: Parc Samà Entry Ticket","Wander the palm-lined paths, lakes and follies of this romantic 19th-century colonial garden near Cambrils.","12","from 12€","4.6","","cambrils parc sama romantic garden park nature lake modernist costa daurada","Nature","https://www.getyourguide.com/cambrils-l91400/cambrils-parc-sama-entry-ticket-t399540/?partner_id=IBO5PAK&utm_medium=local_partners","https://cdn.getyourguide.com/img/tour/60a639a471d28.jpeg/99.jpg","images/parc_sama.png","costadaurada"
"52","barcelona","barcelona","food","Nightlife","Barcelona: The Original Barcelona Boat Party","Board this party boat and admire beautiful views of the Barcelona coastline as you dance to the beats of the onboard DJ. Get your pre-game on with drinks vouchers…","59","from 59€","4.0","","barcelona: the original barcelona boat party barcelona food","Boat Party","https://www.getyourguide.com/barcelona-l45/barcelona-the-original-barcelona-boat-party-t84906/?partner_id=IBO5PAK&utm_medium=local_partners","https://cdn.getyourguide.com/img/tour/eb9ebe4603257d51c60e319102b0af4c1412c27ecef72058a1f2f84e1be4f94e.jpg/99.jpg","",""
"53","barcelona","barcelona","food","Food & Nightlife","Barcelona: Catamaran Party Cruise with BBQ Meal","Climb aboard a catamaran and get the party started with your friends. Enjoy music and dancing as you cruise along the coast of Barcelona. Feast from a barbecue meal…","50","from 50€","4.3","","barcelona: catamaran party cruise with bbq meal barcelona food","Nightlife","https://www.getyourguide.com/barcelona-l45/barcelona-catamaran-party-cruise-with-bbq-meal-t147204/?partner_id=IBO5PAK&utm_medium=local_partners","https://cdn.getyourguide.com/img/tour/6fbccc87ca2e246f.jpeg/99.jpg","",""
"54","barcelona","barcelona","food","Food & Nightlife","Barcelona: Speakeasy Crawl, Hidden Bars with Optional Tapas","Leave the busy tourist areas behind and discover Barcelona's hidden nightlife on a guided Speakeasy Crawl. Visit secret cocktail bars, stylish hidden spots, and…","20","from 20€","4.6","","barcelona: speakeasy crawl, hidden bars with optional tapas barcelona food","Nightlife","https://www.getyourguide.com/barcelona-l45/barcelona-speakeasy-explore-hidden-bars-with-tapas-t170032/?partner_id=IBO5PAK&utm_medium=local_partners","https://cdn.getyourguide.com/img/tour/e4417ea60f18075602ddf69b5e7c4974b5baa0e8bed54e27632a9ba2e0cc7d34.png/99.jpg","",""
"55","barcelona","barcelona","food","Food & Nightlife","Hidden Barcelona Tapas Tour: Wine, Fun & Local Secrets","Food Lover Tour Explores Barcelona the local way, after dark, one bar at a time. This evening tapas crawl is all about great food and the stories behind the bars…","74","from 74€","4.9","","hidden barcelona tapas tour: wine, fun & local secrets barcelona food","Nightlife","https://www.getyourguide.com/barcelona-l45/barcelona-tapas-crawl-full-meal-drinks-all-included-t333276/?partner_id=IBO5PAK&utm_medium=local_partners","https://cdn.getyourguide.com/img/tour/3b0642eb6620afee552ab01bdc741d338fc01e40e4837280a947661efcd4a03c.jpg/99.jpg","",""
"56","barcelona","barcelona","food","Food & Nightlife","Barcelona: Beach Club with Pool Party & Open Air Club","Make a splash at Barcelona’s wildest pool party! This Beach Club turns into a sun-soaked paradise with 1,000 party lovers, epic music, 4 drinks, and unforgettable…","59","from 59€","3.5","","barcelona: beach club with pool party & open air club barcelona food","Nightlife","https://www.getyourguide.com/barcelona-l45/barcelona-beach-club-pool-party-with-dj-t839587/?partner_id=IBO5PAK&utm_medium=local_partners","https://cdn.getyourguide.com/img/tour/0514aff64ff73c42c6f31b2fedb141858e46eb3f9e130f52fa7195d8a14cf317.jpg/99.jpg","",""
"57","barcelona","barcelona","food","Food & Nightlife","Barcelona: Tipsy Tapas & History Tour in the Gothic Quarter","Enjoy traditional tapas and iconic Spanish drinks as you explore the hidden gems of Barcelona’s Gothic Quarter on a guided walking tour. An immersive experience…","79","from 79€","4.7","","barcelona: tipsy tapas & history tour in the gothic quarter barcelona food","Nightlife","https://www.getyourguide.com/barcelona-l45/barcelona-tipsy-tapas-history-tour-in-the-gothic-quarter-t890438/?partner_id=IBO5PAK&utm_medium=local_partners","https://cdn.getyourguide.com/img/tour/a40668e8d7602b40b6e9c43a5b205046939f42aa549a9ba4058178dc4641d9a9.jpeg/99.jpg","",""
"58","barcelona","barcelona","food","Food & Nightlife","Barcelona: AFTERWORK Catamaran Cruise w/ Music & Drinks","Sail off into the sunset and watch the magic unfold on a catamaran cruise in Barcelona. Enjoy a glass of wine and an enjoy the music or local DJ playing live music.","25","from 25€","4.7","","barcelona: afterwork catamaran cruise w/ music & drinks barcelona food","Nightlife","https://www.getyourguide.com/barcelona-l45/barcelona-afterwork-catamaran-cruise-w-music-drinks-t928143/?partner_id=IBO5PAK&utm_medium=local_partners","https://cdn.getyourguide.com/img/tour/8c45fb10ab665781e4bef3ea00244d2e288521fede85dd4dc943172fab6a848a.jpg/99.jpg","",""
"59","barcelona","barcelona","food","Nightlife","Barcelona Top Night Club Experience + VIP Club Entry","Experience Barcelonna ultimate club crawl!!Party challenges, and VIP entry. Meet new people and party hard until sunrise!","20","from 20€","3.9","","barcelona top night club experience + vip club entry barcelona food","VIP Club","https://www.getyourguide.com/barcelona-l45/barcelona-top-night-club-experience-vip-club-entry-t1082881/?partner_id=IBO5PAK&utm_medium=local_partners","https://cdn.getyourguide.com/img/tour/8129a4197a201fd1a7d422fd6bcb157846e50698e041143ae848625a4eb4d4a6.jpeg/99.jpg","",""
"60","barcelona","barcelona","food","Food & Nightlife","Barcelona Party Night Tour Bars & VIP Club Pass","Get ready to dive into the most happening unforgetable night in the heart of Barcelona on this tour. Explore the liveliest neighborhoods,Exclusive access, and…","16","from 16€","4.1","","barcelona party night tour bars & vip club pass barcelona food","Nightlife","https://www.getyourguide.com/barcelona-l45/barcelona-night-walking-tour-bars-vip-club-pass-t1125011/?partner_id=IBO5PAK&utm_medium=local_partners","https://cdn.getyourguide.com/img/tour/7056a69020f575ae40be3986ca22de8166b998a07074f4c83cb03bb1c5429aae.jpeg/99.jpg","",""
"61","barcelona","barcelona","food","Food & Nightlife","Barcelona: Bar Crawl at Gaixample","Experience Barcelona’s vibrant LGBTQ culture on this small-group bar crawl through Gaixample. It can be difficult for first-time visitors to navigate the city’s…","30","from 30€","4.8","","barcelona: bar crawl at gaixample barcelona food","Nightlife","https://www.getyourguide.com/barcelona-l45/barcelona-bar-crawl-at-gaixample-t1138649/?partner_id=IBO5PAK&utm_medium=local_partners","https://cdn.getyourguide.com/img/tour/fc72f62b6ead4f7ee0f5ef4294a8cd5f6610a01485ea50be045fd96c52d6dd59.jpeg/99.jpg","",""
"62","barcelona","sitges","food","Nightlife","Barcelona Party Bus & After VIP club entry","Come and live an unforgettable experience aboard a ""Barcelona party bus"" Enjoy welcome drink, pre-parties, and priority entry to top nightclubs for an unforgettable…","50","from 50€","5.0","","barcelona party bus & after vip club entry sitges food","Party Bus","https://www.getyourguide.com/sitges-l1769/barcelona-sitges-carnival-party-bus-t1184893/?partner_id=IBO5PAK&utm_medium=local_partners","https://cdn.getyourguide.com/img/tour/cdeebc05b567b99e40adf162951b46d4ec917ff11e76701ce8d44762bddc5cec.png/99.jpg","","vilanova-i-la-geltru"
"63","barcelona","barcelona","food","Food & Nightlife","Barcelona Nightlife Experience: Karaoke, Dance & Local Guide","Discover Barcelona's nightlife with local guides, enjoy karaoke, meet travelers from around the world, and experience a fun social evening.","16","from 16€","4.8","","barcelona nightlife experience: karaoke, dance & local guide barcelona food","Nightlife","https://www.getyourguide.com/barcelona-l45/buzz-barcelona-beach-club-white-party-t1219232/?partner_id=IBO5PAK&utm_medium=local_partners","https://cdn.getyourguide.com/img/tour/3a111652fabd0647b403dbd7863f1d658c07f96e523c948dbf1c15c2a938b3fb.png/99.jpg","",""
"64","barcelona","barcelona","food","Nightlife","Barcelona Boat Party (Thu, Fri, Sat & Sun) + Nightlife Tour","Experience Barcelona's famous boat party, then keep the night going with a guided nightlife tour through some of the city's liveliest venues.","75","from 75€","5.0","","barcelona boat party (thu, fri, sat & sun) + nightlife tour barcelona food","Rooftop & Boat","https://www.getyourguide.com/barcelona-l45/barcelona-buzz-summer-package-full-moon-rooftop-boat-t1220933/?partner_id=IBO5PAK&utm_medium=local_partners","https://cdn.getyourguide.com/img/tour/7af0e889d6c4c65de77be54f8037fc0bc80db12bccda4274c8c2e2a7647bdb6b.jpeg/99.jpg","",""
"65","barcelona","barcelona","food","Food & Nightlife","Barcelona: Sangria & Cocktail Making Class with Tapas","Learn to make traditional Spanish sangria and cocktails in a fun mixology class in Barcelona. Enjoy your creations with tasty tapas while discovering the secrets…","42","from 42€","5.0","","barcelona: sangria & cocktail making class with tapas barcelona food","Nightlife","https://www.getyourguide.com/barcelona-l45/barcelona-sangria-cocktail-making-class-with-tapas-t1255110/?partner_id=IBO5PAK&utm_medium=local_partners","https://cdn.getyourguide.com/img/tour/08b1b76e676c0cdef49ae1e52471a30f0551ba0a572272e57537ae5af5326d53.png/99.jpg","",""
"66","barcelona","barcelona","food","Food & Nightlife","Experience Authentic Barcelona Nightlife with a Local DJ","Explore Barcelona’s nightlife with a local DJ who knows the scene. Discover exclusive bars, meet interesting people, and end the night dancing in one of the city’s…","39","from 39€","5.0","","experience authentic barcelona nightlife with a local dj barcelona food","Nightlife","https://www.getyourguide.com/barcelona-l45/barcelona-nightlife-tour-with-local-dj-dance-floor-t1258142/?partner_id=IBO5PAK&utm_medium=local_partners","https://cdn.getyourguide.com/img/tour/3a8fd769ddfaba158c08faa1b9f473c8686daebf52d002bbac4d3c5364518162.png/99.jpg","",""
"67","barcelona","barcelona","food","Food & Nightlife","Barcelona: Pubcrawl with VIP entry to Rooftop and Nightclubs","✅EXPERIENCE THE LEGENDARY NIGHTLIFE Ready for an unforgettable night in Barcelona? Next Experience takes you on an exciting adventure. Music, dancing, and partying","31","from 31€","4.4","","barcelona: pubcrawl with vip entry to rooftop and nightclubs barcelona food","Nightlife","https://www.getyourguide.com/barcelona-l45/barcelona-rooftop-bars-and-nightclubs-tour-t1262639/?partner_id=IBO5PAK&utm_medium=local_partners","https://cdn.getyourguide.com/img/tour/a35b4642627e1c62994345bd53803ed1f99aeb93f440595b27e79b85a5e83558.jpg/99.jpg","",""
"68","barcelona","barcelona","food","Food & Nightlife","Barcelona: Icebar Experience at the Beach + 1 Drink","Chill out at Icebarcelona, the ultimate icebar experience. Sip cocktails in ice glasses, marvel at stunning ice sculptures, vibe to great music, or watch the sunset…","19","from 19€","4.1","","barcelona: icebar experience at the beach + 1 drink barcelona food","Nightlife","https://www.getyourguide.com/barcelona-l45/the-ice-bar-experience-at-icebarcelona-t157464/?partner_id=IBO5PAK&utm_medium=local_partners","https://cdn.getyourguide.com/img/tour/01ebc1421a7e557c6939f8baba1509b9ff6cecf0150f86cd89500d3a7f923e6d.jpeg/99.jpg","",""
"69","barcelona","barcelona","food","Food & Nightlife","Intimate Flamenco Show El Duende Bar & Cocktails Barcelona","Discover our signature cocktail menu while enjoying an intimate flamenco show in central Barcelona, backed by the 55-year legacy of the renowned Tablao Flamenco…","25","from 25€","4.7","travelers-choice","intimate flamenco show el duende bar & cocktails barcelona barcelona food","Live Show","https://www.getyourguide.com/barcelona-l45/barcelona-flamenco-show-with-drink-at-la-rambla-t629660/?partner_id=IBO5PAK&utm_medium=local_partners","https://cdn.getyourguide.com/img/tour/fb1568bcef2ed2fb7dd95d1a8968119ed1f2db5046eef8978f31bd7eebf11e9b.jpg/99.jpg","",""
"70","barcelona","barcelona","sea","Sea & Adventure","Barcelona: City Sights Electric Quad Tour","Discover Barcelona's highlights on a electric quad tour that takes to you areas like La Rambla. Enjoy a tour that is priced per quad, allowing the driver and…","79","from 79€","4.5","top-pick","barcelona: city sights electric quad tour barcelona sea","Adventure","https://www.getyourguide.com/barcelona-l45/barcelona-city-sights-electric-quad-tour-t711046/?partner_id=IBO5PAK&utm_medium=local_partners","https://cdn.getyourguide.com/img/tour/1ced477f80d52f0655fa7c77b8160e5083dacdc97236ce0c652336311f4f081f.jpg/99.jpg","",""
"71","barcelona","barcelona","sea","Sea & Adventure","Barcelona Jetski: Jetski Rental without a License","Enjoy a thrilling experience riding a jet ski without needing a license. Souvenir photos included","60","from 60€","4.5","top-pick","barcelona jetski: jetski rental without a license barcelona sea","Water Sports","https://www.getyourguide.com/barcelona-l45/mataro-unlicensed-jet-ski-rental-at-the-port-of-mataro-t1299826/?partner_id=IBO5PAK&utm_medium=local_partners","https://cdn.getyourguide.com/img/tour/a8a665a964a28543e933c1d73de5c37e39d220302db31312638dec650c498506.jpg/99.jpg","",""
"72","barcelona","barcelona","food","Food & Nightlife","Barcelona Gotic Tour with BEST BARS and KISSING WALL","All just a kiss away Will you find love? Begin at the iconic Cathedral, wander the Gothic Quarter, discover the Kiss Mural, enjoy rooftop views, hidden bars…","22","from 22€","5.0","","barcelona gotic tour with best bars and kissing wall barcelona food","Nightlife","https://www.getyourguide.com/barcelona-l45/barcelona-magical-gothic-quarter-kisses-hidden-bars-tour-t1310822/?partner_id=IBO5PAK&utm_medium=local_partners","https://cdn.getyourguide.com/img/tour/3fb7eaba6338a4ca8e6eb8aad0b3eb543ca5cd7bec56979b2a4357e5b8f3bfa6.png/99.jpg","",""
"73","barcelona","barcelona","food","Food & Nightlife","Exclusive Underground: Raval by Night with Dinner and Drinks","Discover the hidden soul of Barcelona on a guided tour of El Raval. Enjoy a sunset drink on a rooftop terrace, savor a 3-course dinner, and visit a hidden bar for…","185","from 185€","","","exclusive underground: raval by night with dinner and drinks barcelona food","Nightlife","https://www.getyourguide.com/barcelona-l45/exclusive-underground-raval-by-night-with-dinner-and-drinks-t1320452/?partner_id=IBO5PAK&utm_medium=local_partners","https://cdn.getyourguide.com/img/tour/9939a1ee875dc1667b8f20ec5d38af1e42621fa266e641d7fee356229d8cc951.png/99.jpg","",""
"74","girona","girona","culture","Culture","Girona: Game of Thrones Small Group Tour","Immerse yourself in the atmosphere of Braavos and King's landing and stroll through the narrow streets of the medieval and Jewish Girona. Discover the filming…","32","from 32€","4.9","","girona: game of thrones small group tour girona culture","Guided Tour","https://www.getyourguide.com/girona-l550/girona-game-of-thrones-small-group-tour-t149528/?partner_id=IBO5PAK&utm_medium=local_partners","https://cdn.getyourguide.com/img/tour/64b8d9d03121d.jpeg/99.jpg","",""
"75","girona","girona","culture","Culture","Girona: Small Group Walking Tour","Join an extensive tour to discover the monumental city of Girona. Feel transported to the medieval ages while strolling around its Jewish quarter. Explore 2,000…","32","from 32€","4.8","","girona: small group walking tour girona culture","Guided Tour","https://www.getyourguide.com/girona-l550/girona-small-group-walking-tour-t151013/?partner_id=IBO5PAK&utm_medium=local_partners","https://cdn.getyourguide.com/img/tour/5aaf7c6803c1c.jpeg/99.jpg","",""
"76","girona","girona","culture","Culture","Girona: Jewish Heritage Guided City Tour and Museum Visit","Discover the Girona's Jewish Quarter, one of the best-preserved from the Middle Ages in Europe. Enjoy a guided visit to the Museum of Jewish History, the last…","45","from 45€","4.9","","girona: jewish heritage guided city tour and museum visit girona culture","Skip the Line","https://www.getyourguide.com/girona-l550/girona-jewish-heritage-guided-city-tour-and-museum-visit-t309788/?partner_id=IBO5PAK&utm_medium=local_partners","https://cdn.getyourguide.com/img/tour/5d9865d0bc0d2.jpeg/99.jpg","",""
"77","girona","girona","culture","Culture","Girona: Cathedral of Girona + Art Museum + St. Felix Church","Visit 3 of Girona's highlights with this 3-in-1 pass that includes entry to the Girona Art Museum, Girona Cathedral, and the Church of St. Felix.","12","from 12€","4.5","","girona: cathedral of girona + art museum + st. felix church girona culture","Skip the Line","https://www.getyourguide.com/girona-l550/girona-art-museum-cathedral-st-felix-church-3-in-1-pass-t407669/?partner_id=IBO5PAK&utm_medium=local_partners","https://cdn.getyourguide.com/img/tour/618a8d417755b.jpeg/99.jpg","",""
"78","girona","girona","culture","Culture","Girona: Museum of Cinema Entry Ticket","Go on a journey through 500 years of cinematic history with this entry ticket to the Museum of Cinema. Discover the origins, background, and art of cinema, with…","7","from 7€","4.6","","girona: museum of cinema entry ticket girona culture","Skip the Line","https://www.getyourguide.com/girona-l550/girona-museum-of-cinema-entry-ticket-t419114/?partner_id=IBO5PAK&utm_medium=local_partners","https://cdn.getyourguide.com/img/tour/eca8b2278119954aa002fd957c78c5fcb6cab6f7d2ebedf78cc010e580380e7b.jpg/99.jpg","",""
"79","girona","figueres","culture","Culture","Figueres: Dalí Theatre-Museum Entry Ticket","Explore the mind of Salvador Dalí at the Dalí Theatre-Museum in Figueres. Discover the largest collection of his works, including paintings, sculptures, and…","23","from 23€","4.7","top-pick","figueres: dalí theatre-museum entry ticket figueres culture","Skip the Line","https://www.getyourguide.com/figueres-l4723/figueres-dali-theatre-museum-entry-ticket-t831886/?partner_id=IBO5PAK&utm_medium=local_partners","https://cdn.getyourguide.com/img/tour/48b6d10e063825e3951bc9d4cec1a2eb71ffb43611a7eac7cd35018a10324eb4.jpeg/99.jpg","",""
"80","girona","lloret-de-mar","sea","Sea & Adventure","Lloret de Mar: Catamaran Sailing Cruise with BBQ and Drinks","Set sail on a catamaran along the stunning Costa Brava on this cruise from Lloret de Mar. Swim in crystal waters and soak up some sun while listening to music…","50","from 50€","4.5","travelers-choice","lloret de mar: catamaran sailing cruise with bbq and drinks lloret-de-mar sea","Boat Trip","https://www.getyourguide.com/lloret-de-mar-l2322/lloret-de-mar-catamaran-sailing-cruise-with-bbq-and-drinks-t215928/?partner_id=IBO5PAK&utm_medium=local_partners","https://cdn.getyourguide.com/img/tour/3bb15824b34fe491.jpeg/99.jpg","",""
"81","girona","l-estartit","sea","Sea & Adventure","From L’Estartit: Snorkeling Trip to the Medes Islands","Explore the underwater world of the Medes Islands Natural Marine Reserve on a snorkeling trip from L’Estartit. Enjoy swimming and sunbathing, as well as a cruise…","38","from 38€","4.5","travelers-choice","from l’estartit: snorkeling trip to the medes islands l-estartit sea","Water Sports","https://www.getyourguide.com/l-estartit-l91403/from-l-estartit-3-hour-snorkeling-trip-to-the-medes-islands-t220695/?partner_id=IBO5PAK&utm_medium=local_partners","https://cdn.getyourguide.com/img/tour/5c8f8dd5334e3.jpeg/99.jpg","",""
"82","girona","lloret-de-mar","sea","Sea & Adventure","From Lloret de Mar: Roundtrip Ferry to Tossa de Mar","Hop on board a ferry and sail along the Costa Brava between Lloret de Mar and Tossa de Mar. Hop off the boat and explore or relax on the beach and enjoy the warm…","33","from 33€","4.6","","from lloret de mar: roundtrip ferry to tossa de mar lloret-de-mar sea","Boat Trip","https://www.getyourguide.com/lloret-de-mar-l2322/from-lloret-de-mar-roundtrip-ferry-to-tossa-de-mar-t222411/?partner_id=IBO5PAK&utm_medium=local_partners","https://cdn.getyourguide.com/img/tour/5c91244a0fb1f.jpeg/99.jpg","",""
"83","girona","sant-feliu-de-guixols","sea","Sea & Adventure","Costa Brava: Sea Caves Kayaking and Snorkeling Tour","Discover the wild coast of Costa Brava. Join a guided kayaking and snorkeling tour in a small group, exploring coves, caves, channels, cliffs, and islands in…","34","from 34€","4.8","travelers-choice","costa brava: sea caves kayaking and snorkeling tour sant-feliu-de-guixols sea","Water Sports","https://www.getyourguide.com/sant-feliu-de-guixols-l98145/costa-brava-sea-caves-kayaking-and-snorkeling-tour-t396079/?partner_id=IBO5PAK&utm_medium=local_partners","https://cdn.getyourguide.com/img/tour/75e3355eacd6bc91.jpeg/99.jpg","",""
"84","girona","roses","sea","Sea & Adventure","From Roses: Cruise on Costa Brava to Cadaqués","Enjoy a boat trip with onboard commentary and sail along Costa Brava from Roses to the fishing village of Cadaqués. Stop in the village to discover picturesque…","27","from 27€","4.4","top-pick","from roses: cruise on costa brava to cadaqués roses sea","Boat Trip","https://www.getyourguide.com/roses-spain-l92004/from-roses-cruise-on-costa-brava-to-cadaques-t425645/?partner_id=IBO5PAK&utm_medium=local_partners","https://cdn.getyourguide.com/img/tour/475f1434a9e9337203729cf0672f153311c08ad4692cd24eaa182f656adaea10.png/99.jpg","",""
"85","girona","tossa-de-mar","sea","Sea & Adventure","Tossa de Mar: Guided Kayaking Tour & Snorkelling","Enjoy a guided kayaking tour with a guide in Tossa de Mar. Explore the Costa Brava, snorkel, enter caves, and admire the views of local fauna and flora.","45","from 45€","4.9","top-pick","tossa de mar: guided kayaking tour & snorkelling tossa-de-mar sea","Water Sports","https://www.getyourguide.com/tossa-de-mar-l90930/tossa-de-mar-guided-kayaking-tour-snorkelling-t475482/?partner_id=IBO5PAK&utm_medium=local_partners","https://cdn.getyourguide.com/img/tour/6489bbab10323.jpeg/99.jpg","",""
"86","girona","palamos","sea","Sea & Adventure","Palamós: Sunset Boat Tour with Glass of Cava","Explore the beauty of the Costa Brava on a boat trip from Palamós to Calella de Palafrugell. Enjoy the bar service and taste the Palamós red shrimp with a glass of…","40","from 40€","4.4","","palamós: sunset boat tour with glass of cava palamos sea","Boat Trip","https://www.getyourguide.com/palamos-l1751/palamos-sunset-boat-tour-with-glass-of-cava-t546141/?partner_id=IBO5PAK&utm_medium=local_partners","https://cdn.getyourguide.com/img/tour/897bba754bfb8de5.jpeg/99.jpg","",""
"87","girona","lloret-de-mar","sea","Sea & Adventure","Sailboat day with BBQ on the Costa Brava","Sail along the Costa Brava with a group of up to 11 people. Enjoy the sea, stop for a swim, and have a barbecue on board. You just have to come and relax.","2000","from 2000€","","","sailboat day with bbq on the costa brava lloret-de-mar sea","Boat Trip","https://www.getyourguide.com/lloret-de-mar-l2322/sailboat-day-with-bbq-on-the-costa-brava-t1170725/?partner_id=IBO5PAK&utm_medium=local_partners","https://cdn.getyourguide.com/img/tour/7aaa8ce4db82634e55d50bfa16ec67ce1525108fef5ff90982c2e4d5b7587d4a.jpg/99.jpg","",""
"88","girona","lloret-de-mar","food","Food & Nightlife","Lloret de Mar: Sunset Catamaran Cruise with DJ and Drinks","Embark on an evening sailboat ride departing from Lloret de Mar and take in the beachside landscapes of the Costa Brava. Get the party started with drinks and live…","35","from 35€","4.7","","lloret de mar: sunset catamaran cruise with dj and drinks lloret-de-mar food","Boat Party","https://www.getyourguide.com/lloret-de-mar-l2322/lloret-de-mar-sunset-catamaran-cruise-with-dj-and-drinks-t427417/?partner_id=IBO5PAK&utm_medium=local_partners","https://cdn.getyourguide.com/img/tour/7a1b59e8feb04b7c0b51b991af5289906d129170b2ecf78cc65fd74254c20e99.jpeg/99.jpg","",""
"89","girona","blanes","tours","Tour","Blanes: Marimurtra Botanical Garden Entry Ticket","Spend the day exploring the Marimurtra Botanical Garden. Take in panoramic views of the Mediterranean and learn about the thousands of plant species that call this…","10","from 10€","4.7","","blanes: marimurtra botanical garden entry ticket blanes tours","Guided Tour","https://www.getyourguide.com/blanes-l96850/costa-brava-marimurtra-botanical-garden-entry-ticket-t412981/?partner_id=IBO5PAK&utm_medium=local_partners","https://cdn.getyourguide.com/img/tour/ba5fdab533fe22cd.jpeg/99.jpg","",""
"90","girona","girona","tours","Tour","Olot: Espai Cràter Volcanology Center Entry Ticket","Discover the world of volcanology with tickets to the Espai Cràter: the only place where you can learn about volcanoes from inside a volcano!","8","from 8€","4.5","","olot: espai cràter volcanology center entry ticket girona tours","Guided Tour","https://www.getyourguide.com/girona-l550/girona-espai-crater-volcanology-center-entry-ticket-t431485/?partner_id=IBO5PAK&utm_medium=local_partners","https://cdn.getyourguide.com/img/tour/44d4026244fb6d50a318768962e163d7be46c5ec549c3a2cd3bbca78c317c7bf.png/99.jpg","",""
"91","girona","peratallada","tours","Tour","Bike Tour to Medieval Villages in Costa Brava","Explore the medieval heart of Empordà on a guided bike tour. Ride through scenic countryside, discover charming villages, and learn about the region's history from…","89","from 89€","5.0","","bike tour to medieval villages in costa brava peratallada tours","Bike Tour","https://www.getyourguide.com/peratallada-l147462/scenic-bike-tour-to-medieval-villages-in-costa-brava-t1204455/?partner_id=IBO5PAK&utm_medium=local_partners","https://cdn.getyourguide.com/img/tour/425cbae0ada9bb3aa2d4097f039be5d4a53baf93c053e5b28a3d47e93e62dc62.jpg/99.jpg","",""
"92","girona","tossa-de-mar","sea","Sea & Adventure","Vintage 4x4 Tour Costa Brava :Lloret de Mar & Hidden Gems","Explore Lloret de Mar in a unique way aboard a vintage Land Rover. Discover scenic viewpoints, historic sites, and hidden spots along the beautiful Costa Brava.","35","from 35€","4.9","","vintage 4x4 tour costa brava :lloret de mar & hidden gems tossa-de-mar sea","Adventure","https://www.getyourguide.com/tossa-de-mar-l90930/lloret-de-mar-guided-sightseeing-tour-in-a-4x4-vehicle-t680690/?partner_id=IBO5PAK&utm_medium=local_partners","https://cdn.getyourguide.com/img/tour/791eebcff461ea544ead68c5febf355ba49e663414008c6fc56f8224a19211df.jpeg/99.jpg","",""
"93","girona","girona","food","Food & Nightlife","Girona Evening Food Tour & Tapas Bar Experience","The best way to discover the city, its flavours and its nightlife! Join us for a funny, original and tasty evening Food Tour in the beautiful city of Girona.","90","from 90€","4.9","top-pick","girona evening food tour & tapas bar experience girona food","Guided Tour","https://www.getyourguide.com/girona-l550/girona-evening-food-tour-tapas-bar-experience-t590538/?partner_id=IBO5PAK&utm_medium=local_partners","https://cdn.getyourguide.com/img/tour/476c4b360a580a92868127458ea3b3cf96dfc31aced20dc3d1132ef7420257d7.png/99.jpg","",""
"94","girona","tossa-de-mar","sea","Sea & Adventure","Tossa de Mar Secret Coves & Hidden Caves Exclusive Experience","Aboard a zodiac, in a small group, we will sail towards Tossa de Mar to admire the historic old town, the coves, and gorgeous caves, then we will stop for a swim…","59","from 59€","4.7","","tossa de mar secret coves & hidden caves exclusive experience tossa-de-mar sea","Boat Trip","https://www.getyourguide.com/tossa-de-mar-l90930/tossa-de-mar-boat-excursion-in-the-calanques-of-the-costa-brava-t1044479/?partner_id=IBO5PAK&utm_medium=local_partners","https://cdn.getyourguide.com/img/tour/ced07b99bb114637cbb2feba10299abd1c7d8b0084feaaa186f257b20bb1def2.jpg/99.jpg","",""
"95","girona","girona","culture","Culture","Girona: Old Town Walking Tour with Local Guide","Explore Girona's Old Town on a guided walking tour. Discover hidden stories, local secrets, and the city's history as you wander through medieval streets and cross…","80","from 80€","","","girona: old town walking tour with local guide girona culture","Guided Tour","https://www.getyourguide.com/girona-l550/girona-old-town-walking-tour-with-local-guide-t1316529/?partner_id=IBO5PAK&utm_medium=local_partners","https://cdn.getyourguide.com/img/tour/e1842494b35e42cc4ef4b391ab6b2065fa6ef97a3a06b46a99bdf91544bede12.jpg/99.jpg","",""
"96","lleida","vielha","sea","Sea & Adventure","4×4 sightseeing tour in Valle d'Aran - Wildlife, flora, and alpine landscapes","4x4 or 4WD TOURS in the Aran Valley, Ribagorça, and Pallars. Discover secret alpine film locations. Themed outings for wildlife and flora spotting and trekking…","63","from 63€","5.0","","4×4 sightseeing tour in valle d'aran - wildlife, flora, and alpine landscapes vielha sea","Adventure","https://www.getyourguide.com/vielha-l218675/4x4-sightseeing-tour-in-valle-d-aran-wildlife-flora-and-alpine-landscapes-t838426/?partner_id=IBO5PAK&utm_medium=local_partners","https://cdn.getyourguide.com/img/tour/3c9104274a1c04d5bddea745e6251a588cb11599b0e889d12ad1eb17d7704b64.jpeg/99.jpg","",""
"97","lleida","baqueira","tours","Tour","Private Ski Lessons in Baqueira Beret","Private ski lessons tailored to you, to help you improve your technique or get to know the resort","70","from 70€","","","private ski lessons in baqueira beret baqueira tours","Mountain","https://www.getyourguide.com/baqueira-l186124/private-ski-lessons-in-baqueira-beret-t1003663/?partner_id=IBO5PAK&utm_medium=local_partners","https://cdn.getyourguide.com/img/tour/d1bd1120bf37a1a5b01d0c557c12abc43f0ebe4743352d7788ea75f31e7f88f1.jpg/99.jpg","",""
"98","lleida","lleida","tours","Tour","Lleida: Llacs Cycling Route","Cycle along the first cycling route in Lleida. We take care of the bikes and the logistics!","60","from 60€","","top-pick","lleida: llacs cycling route lleida tours","Guided Tour","https://www.getyourguide.com/lleida-l100032/lleida-llacs-cycling-route-t1057236/?partner_id=IBO5PAK&utm_medium=local_partners","https://cdn.getyourguide.com/img/tour/4fdb0b87a136ae3ab807396ae7a5e22771f2ef7ef6098ee55c2f1d58b65f418a.jpg/99.jpg","",""
"99","lleida","lleida","sea","Sea & Adventure","Les: Garonne River Rafting Trip with Guide & Equipment","Experience the thrill of rafting on the Garonne River in the Aran Valley. Navigate the Les–Pont de Rei section with a certified guide and enjoy a safe adventure…","44","from 44€","","","les: garonne river rafting trip with guide & equipment lleida sea","Adventure","https://www.getyourguide.com/lleida-l100032/les-garonne-river-rafting-trip-with-guide-equipment-t1380382/?partner_id=IBO5PAK&utm_medium=local_partners","https://cdn.getyourguide.com/img/tour/ae6c94345cbc23354c967b9545cd2ec838bcdba05477f0c4e743ddb310eebbae.jpg/99.jpg","",""
"100","lleida","lleida","sea","Sea & Adventure","Aigüestortes National Park: Guided Hike with Waterfall","Explore the Gerdar Fir Forest on a guided hike in Aigüestortes National Park. Discover the area's flora, fauna, and natural history, and reach the Gerber Waterfall…","125","from 125€","","","aigüestortes national park: guided hike with waterfall lleida sea","Hiking","https://www.getyourguide.com/lleida-l100032/aiguestortes-national-park-guided-hike-with-waterfall-t1397540/?partner_id=IBO5PAK&utm_medium=local_partners","https://cdn.getyourguide.com/img/tour/48f01746e64d888bc5bd076d6e950136a766aa67810f784b1f75ce9d21ed5789.jpeg/99.jpg","",""
"101","tarragona","salou","food","Nightlife","Salou: Bingo Bangas Party Night with Drinks","Join a bingo party night with a twist. Sing, dance, and cheer to the best tunes with a DJ and host. Enjoy all-inclusive drinks and win exciting prizes.","41","from 41€","4.4","top-pick","salou: bingo bangas party night with drinks salou food","Party Night","https://www.getyourguide.com/salou-l1884/salou-bingo-bangas-party-night-with-drinks-t1084504/?partner_id=IBO5PAK&utm_medium=local_partners","https://cdn.getyourguide.com/img/tour/8b4401615f6cbc81f4e7b3f6d9bb95fcff10c9cfc7d141927be6fdcde788ca30.jpg/99.jpg","","costadaurada|reus"
"102","barcelona","barcelona","culture","Culture","Barcelona: La Pedrera-Casa Milà Ticket & Audio Guide Option","Explore the Casa Milà (La Pedrera) with skip-the-line tickets. See Antoni Gaudi’s apartments on the Passeig de Gracia and the Espai Gaudi exhibition, dedicated to…","25","from 25€","4.7","travelers-choice","barcelona: la pedrera-casa milà ticket & audio guide option barcelona culture","Entry Ticket","https://www.getyourguide.com/barcelona-l45/barcelona-la-pedrera-casa-mila-ticket-audio-guide-option-t1381568/?partner_id=IBO5PAK&utm_medium=local_partners","https://cdn.getyourguide.com/img/tour/d287a02c09b30739.jpeg/99.jpg","","badalona|castelldefels|cerdanyola-del-valles|cornella-de-llobregat|el-prat-de-llobregat|granollers|l-hospitalet-de-llobregat|mataro|mollet-del-valles|rubi|sabadell|sant-boi-de-llobregat|sant-cugat-del-valles|santa-coloma-de-gramenet|terrassa|viladecans|vilanova-i-la-geltru"
"103","barcelona","barcelona","culture","Culture","Barcelona: Sagrada Familia Skip-the-Line Guided Tour","Visit Barcelona's majestic Sagrada Familia, designed by the Modernist visionary Antoni Gaudí. Get fast track entry to this Art Nouveau masterpiece and enjoy a…","55","from 55€","4.4","travelers-choice","barcelona: sagrada familia skip-the-line guided tour barcelona culture","Skip the Line","https://www.getyourguide.com/barcelona-l45/sagrada-familia-skip-the-line-t29293/?partner_id=IBO5PAK&utm_medium=local_partners","https://cdn.getyourguide.com/img/tour/62053657625bc.jpeg/99.jpg","",""
"104","barcelona","barcelona","culture","Culture","Barcelona: Park Güell and Gaudí House Museum Entry Ticket","Get entry tickets to explore the whimsical Park Güell and visit the Gaudí House Museum. Discover Antoni Gaudí's unique architectural style and enjoy panoramic views…","28","from 28€","4.5","travelers-choice","barcelona: park güell and gaudí house museum entry ticket barcelona culture","Entry Ticket","https://www.getyourguide.com/barcelona-l45/barcelona-park-guell-and-gaudi-house-museum-entry-ticket-t826796/?partner_id=IBO5PAK&utm_medium=local_partners","https://cdn.getyourguide.com/img/tour/94a05b2b5cc244e5624a92ffd8d9790f520696b76dfd80c956f5e39c42933075.jpg/99.jpg","",""
"105","barcelona","barcelona","culture","Culture","Barcelona: Sagrada Familia Priority Access Guided Tour","Experience Gaudí's Sagrada Família with this exclusive guided tour. Skip the long ticket lines and immerse yourself in this iconic landmark's mesmerizing history…","79","from 79€","4.8","travelers-choice","barcelona: sagrada familia priority access guided tour barcelona culture","Guided Tour","https://www.getyourguide.com/barcelona-l45/gaudi-s-sagrada-familia-priority-access-guided-tour-t668448/?partner_id=IBO5PAK&utm_medium=local_partners","https://cdn.getyourguide.com/img/tour/e411a73492224484490d9af4bb8f960af11912dabea80ffb65b0b61e4ee4f15e.jpg/99.jpg","",""
"106","barcelona","barcelona","food","Food & Nightlife","Top Awarded Flamenco Show Tablao Cordobes with dinner option","Book your flamenco night and see top flamenco stars live at Barcelona’s legendary tablao, awarded Best Tablao in the World 2025 and run by a family of artists since…","35","from 35€","4.7","travelers-choice","top awarded flamenco show tablao cordobes with dinner option barcelona food","Wine & Food","https://www.getyourguide.com/barcelona-l45/barcelona-tablao-flamenco-cordobes-with-fooddrink-options-t67263/?partner_id=IBO5PAK&utm_medium=local_partners","https://cdn.getyourguide.com/img/tour/5f4a21968c2ff22c573e9e6c79425a7e44ffa1e44f5baca27b4aaf32e40e1097.jpg/99.jpg","",""
"107","barcelona","barcelona","culture","Culture","Barcelona: Sagrada Familia Guided Tour with Tower Access","Skip the long lines to the Sagrada Familia in Barcelona, and enjoy a guided tour of Gaudí’s Modernisme masterpiece.","72","from 72€","4.3","travelers-choice","barcelona: sagrada familia guided tour with tower access barcelona culture","Skip the Line","https://www.getyourguide.com/barcelona-l45/barcelona-fast-track-sagrada-familia-and-towers-guided-tour-t51441/?partner_id=IBO5PAK&utm_medium=local_partners","https://cdn.getyourguide.com/img/tour/41d2820d036a5370c6ffa4849fbf9e784ba957e6f39eb9c94c294917f88c85fc.jpg/99.jpg","",""
"108","barcelona","barcelona","culture","Culture","Barcelona: Sagrada Familia Skip-the-Line Guided Tour","Enrich your visit to the Sagrada Familia on a tour with a certified guide and skip-the-line entry tickets. Learn the basilica's history while admiring stained glass…","47","from 47€","4.8","travelers-choice","barcelona: sagrada familia skip-the-line guided tour barcelona culture","Skip the Line","https://www.getyourguide.com/barcelona-l45/sagrada-familia-skip-the-line-tour-t451750/?partner_id=IBO5PAK&utm_medium=local_partners","https://cdn.getyourguide.com/img/tour/04d8cd6b76bf55806192954567c9e40e6cdb8d71f5f079d71bc68e8005afea50.png/99.jpg","",""
"109","barcelona","barcelona","sea","Sea & Adventure","Barcelona: Sunset or Day Catamaran Cruise with Tapa & Drink","Take a dip in the sea, have fun with inflatable toys, and admire the Barcelona skyline at sunset. Embark on a spacious catamaran trip with music, 360-degree coastal…","27","from 27€","4.5","travelers-choice","barcelona: sunset or day catamaran cruise with tapa & drink barcelona sea","Boat Trip","https://www.getyourguide.com/barcelona-l45/barcelona-sunset-or-day-catamaran-cruise-with-tapa-drink-t400210/?partner_id=IBO5PAK&utm_medium=local_partners","https://cdn.getyourguide.com/img/tour/1471e1be18af144c.jpeg/99.jpg","",""
"110","barcelona","barcelona","culture","Culture","Barcelona: Park Güell & La Sagrada Familia Tickets and Tour","Enjoy priority access on a visit to 2 of Gaudí's masterworks in Barcelona with skip-the-line entrance tickets to the Park Güell & Sagrada Familia, accompanied by a…","76","from 76€","4.7","","barcelona: park güell & la sagrada familia tickets and tour barcelona culture","Entry Ticket","https://www.getyourguide.com/barcelona-l45/barcelona-park-guell-la-sagrada-familia-tickets-and-tour-t87947/?partner_id=IBO5PAK&utm_medium=local_partners","https://cdn.getyourguide.com/img/tour/63888edf81b71.jpeg/99.jpg","",""
"111","barcelona","barcelona","culture","Culture","Barcelona: Sagrada Familia Guided Tour with Express Entry","Make the most of your encounter Gaudí's masterpiece, the Sagrada Familia, with express entry and a guided tour. Explore the rich history and intricate symbolism of…","70","from 70€","4.7","","barcelona: sagrada familia guided tour with express entry barcelona culture","Guided Tour","https://www.getyourguide.com/barcelona-l45/sagrada-familia-revealed-express-entry-guided-tour-t497900/?partner_id=IBO5PAK&utm_medium=local_partners","https://cdn.getyourguide.com/img/tour/4763502b257f0f8c.jpeg/99.jpg","",""
"112","barcelona","barcelona","culture","Culture","Barcelona: Park Guell Guided Tour with Skip-the-Line Entry","Explore the magic of Park Güell on a guided tour with skip-the-line access. Discover Gaudí's creative genius as you walk around the iconic park, showcasing his…","21","from 21€","4.4","","barcelona: park guell guided tour with skip-the-line entry barcelona culture","Skip the Line","https://www.getyourguide.com/barcelona-l45/barcelona-park-guell-guided-tour-with-skip-the-line-entry-t597287/?partner_id=IBO5PAK&utm_medium=local_partners","https://cdn.getyourguide.com/img/tour/c48a8401de8290856fc772c09610fe90fc31f86184e1ceccf7184cccd60d073d.jpg/99.jpg","",""
"113","barcelona","barcelona","culture","Culture","Moco Museum Barcelona: Modern & Contemporary Art","Located in Barcelona, Moco Museum is dedicated to making modern and contemporary art accessible to all. Moco showcases an iconic collection featuring modern…","15","from 15€","4.6","","moco museum barcelona: modern & contemporary art barcelona culture","Must See","https://www.getyourguide.com/barcelona-l45/moco-museum-barcelona-modern-contemporary-art-t406467/?partner_id=IBO5PAK&utm_medium=local_partners","https://cdn.getyourguide.com/img/tour/a091ef8522f5e70fedd5320b8bd6c0b1683acc50d453a2964dc96c0d3debaf7c.jpg/99.jpg","",""
"114","barcelona","barcelona","sea","Sea & Adventure","Barcelona: Midday or Sunset Sailing with Open Bar and Snacks","Set sail from Marina Port Vell, the best spot in Barcelona, and cruise its spectacular seafront aboard a luxury yacht. Relax with cold drinks, tasty snacks, and…","32","from 32€","4.8","","barcelona: midday or sunset sailing with open bar and snacks barcelona sea","Boat Trip","https://www.getyourguide.com/barcelona-l45/barcelona-midday-or-sunset-sailing-with-open-bar-and-snacks-t212973/?partner_id=IBO5PAK&utm_medium=local_partners","https://cdn.getyourguide.com/img/tour/619e920e38e07.jpeg/99.jpg","",""
"115","barcelona","barcelona","culture","Culture","From Barcelona: Girona&Dalí Museum Day Trip with Small Group","Explore Girona and Figueres on a day tour from Barcelona with a small group. Marvel at Girona's Jewish quarter on a walking tour and dive into surrealism with…","74","from 74€","4.7","","from barcelona: girona&dalí museum day trip with small group barcelona culture","Must See","https://www.getyourguide.com/barcelona-l45/from-barcelona-gironadali-museum-day-trip-with-small-group-t243607/?partner_id=IBO5PAK&utm_medium=local_partners","https://cdn.getyourguide.com/img/tour/5d1c7c250cdcd.jpeg/99.jpg","",""
"116","tarragona","salou","sea","Sea & Adventure","Cambrils: Catamaran cruise with drinks, lunch and swimming","Discover the wonders of the Costa Dorada on a catamaran cruise from Cambrils. Admire the impressive views while sunbathing and upgrade your cruise with an optional…","41","from 41€","4.5","top-pick","cambrils: catamaran cruise with drinks, lunch and swimming salou sea","Boat Trip","https://www.getyourguide.com/salou-l1884/costa-daurada-catamaran-tour-and-snorkeling-t165677/?partner_id=IBO5PAK&utm_medium=local_partners","https://cdn.getyourguide.com/img/tour/1097e7598bd96d2b.jpeg/99.jpg","","costadaurada|reus"
"117","barcelona","barcelona","culture","Culture","From Barcelona: Girona, Figueres, Dalí Museum, and Cadaqués","Follow in the footsteps of geniuses: explore centuries-old streets in Girona, step into Dalí's mind in Figueres, and bask in the light that inspired modern art in…","59","from 59€","4.7","","from barcelona: girona, figueres, dalí museum, and cadaqués barcelona culture","Must See","https://www.getyourguide.com/barcelona-l45/from-barcelona-girona-figueres-dali-museum-and-cadaques-t417349/?partner_id=IBO5PAK&utm_medium=local_partners","https://cdn.getyourguide.com/img/tour/62bae24604741.jpeg/99.jpg","",""
"118","barcelona","barcelona","culture","Culture","Barcelona: Picasso Museum Skip-the-Line Guided Tour","Join a guided tour of the Picasso Museum in Barcelona and experience Picasso’s legacy without the wait. Immerse yourself in his masterpieces with an expert guide.","37","from 37€","4.5","","barcelona: picasso museum skip-the-line guided tour barcelona culture","Skip the Line","https://www.getyourguide.com/barcelona-l45/barcelona-skip-the-line-guided-tour-of-picasso-museum-t381019/?partner_id=IBO5PAK&utm_medium=local_partners","https://cdn.getyourguide.com/img/tour/2038e726af577c0dedb559e056f5720bf558ffeed956c1d7f8f772894fd433c2.jpeg/99.jpg","",""
"119","barcelona","barcelona","culture","Culture","Barcelona: Casa Batlló Night Visit with Welcome Drink","Discover the magic of Barcelona's Casa Batlló after dark with a special night ticket, including an insightful audio guide. Enjoy a welcome glass of cava amid soft…","29","from 29€","4.5","","barcelona: casa batlló night visit with welcome drink barcelona culture","Must See","https://www.getyourguide.com/barcelona-l45/barcelona-casa-batllo-intimate-night-visit-w-welcome-drink-t682388/?partner_id=IBO5PAK&utm_medium=local_partners","https://cdn.getyourguide.com/img/tour/99f7f0259a6c50c63065ec4d9c0efa4704d20c74bde300dd8d45267db34db11b.jpg/99.jpg","",""
"120","barcelona","barcelona","culture","Culture","Barcelona: Sagrada Família Skip the Line Tour & Entry Ticket","Skip the lines to the most visited monument in Spain and enjoy a tour of the masterpiece of Antoni Gaudí on a walking tour.","69","from 69€","4.7","","barcelona: sagrada família skip the line tour & entry ticket barcelona culture","Skip the Line","https://www.getyourguide.com/barcelona-l45/sagrada-familia-skip-the-line-guided-tour-t195065/?partner_id=IBO5PAK&utm_medium=local_partners","https://cdn.getyourguide.com/img/tour/b9746819888ad36f.jpeg/99.jpg","",""
"121","barcelona","barcelona","food","Food & Nightlife","Barcelona: Flamenco Show with Dinner at Tablao de Carmen","Experience the best of Spanish culture during a night out in Barcelona. Enjoy an iconic flamenco show while treating your tastebuds to regional cuisine with an…","88","from 88€","4.8","","barcelona: flamenco show with dinner at tablao de carmen barcelona food","Wine & Food","https://www.getyourguide.com/barcelona-l45/barcelona-flamenco-show-with-tapas-dinner-t231887/?partner_id=IBO5PAK&utm_medium=local_partners","https://cdn.getyourguide.com/img/tour/4f0f04ad6fdc85d5b85433a9404d120cf3280b76ea6334a2c5db9c9d91fdaf27.jpg/99.jpg","",""
"122","barcelona","barcelona","culture","Culture","Barcelona: Sagrada Familia and Park Güell Tour","Visit 2 masterpieces by the architect Antoni Gaudi on a skip-the-line tour of Parc Güell and the Sagrada Familia in Barcelona. Uncover the meaning behind Gaudi’s…","92","from 92€","4.2","","barcelona: sagrada familia and park güell tour barcelona culture","Entry Ticket","https://www.getyourguide.com/barcelona-l45/sagrada-familia-and-parc-guell-tickets-t51590/?partner_id=IBO5PAK&utm_medium=local_partners","https://cdn.getyourguide.com/img/tour/649952fc288c3.png/99.jpg","",""
"123","girona","roses","sea","Sea & Adventure","From Roses: Catamaran Cruise Cap Norfeu - Cadaqués","From Roses, sail along the spectacular coast to Cap Norfeu. Stop at Racó de l'Home cove to swim, sunbathe, and enjoy the exclusive environment. Then, sail to the…","30","from 30€","4.6","","from roses: catamaran cruise cap norfeu - cadaqués roses sea","Boat Trip","https://www.getyourguide.com/roses-spain-l92004/catamaran-cruise-from-roses-to-cadaques-t165695/?partner_id=IBO5PAK&utm_medium=local_partners","https://cdn.getyourguide.com/img/tour/5b18065aeba4c.jpeg/99.jpg","",""
"124","barcelona","barcelona","tours","Tour","Barcelona: 3 Countries in One Day — Spain, France & Andorra","Discover 3 countries in 1 day on a small group tour from Barcelona that has just got significantly better.","60","from 60€","4.7","","barcelona: 3 countries in one day — spain, france & andorra barcelona tours","Guided Tour","https://www.getyourguide.com/barcelona-l45/barcelona-the-original-andorra-france-and-spain-day-tour-t49576/?partner_id=IBO5PAK&utm_medium=local_partners","https://cdn.getyourguide.com/img/tour/2e04376d7c7acb7d91bc67c5d02a2c33a2ab928bf888db737b2dfabc181359cc.png/99.jpg","",""
"125","barcelona","barcelona","food","Food & Nightlife","Barcelona: Food Walking Tour with Tapas and Wine","Discover Barcelona through your taste buds on a gastronomic walk featuring nine tapas tastings and four drinks at four family-owned eateries in the Gothic Quarter…","72","from 72€","4.9","","barcelona: food walking tour with tapas and wine barcelona food","Guided Tour","https://www.getyourguide.com/barcelona-l45/barcelona-food-walking-tour-with-tapas-and-wine-t449545/?partner_id=IBO5PAK&utm_medium=local_partners","https://cdn.getyourguide.com/img/tour/c7ca286ae841f44b3ffb32936fd4114308a6ae3a25294d9a4265d9801c30e099.jpg/99.jpg","",""
"126","barcelona","sabadell","tours","Tour","Barcelona: Visita guiada por Sabadell","Discover Sabadell through the eyes of a local comedian on this walking tour. Explore the city centers's most authentic stories and legends while being entertained…","14","from 14€","","","barcelona: visita guiada por sabadell sabadell tours","Guided Tour","https://www.getyourguide.com/sabadell-l156621/barcelona-visita-guiada-por-sabadell-t924584/?partner_id=IBO5PAK&utm_medium=local_partners","https://cdn.getyourguide.com/img/tour/8a287b2cf1e2bc7cac7742995d597b6a2478b21cbcb176194feeda414b0d9956.png/99.jpg","",""
"127","lleida","lleida","tours","Tour","Lleida City Sightseeing Tour & La Seu Vella - Groups and Private Tours with an Official Tour Guide","Welcome to Lleida. We present our guided route with the perfect combination of the majesty of the Seu Vella and the authenticity of the Lleida City Sightseeing…","95","from 95€","","top-pick","lleida city sightseeing tour & la seu vella - groups and private tours with an official tour guide lleida tours","Guided Tour","https://www.getyourguide.com/lleida-l100032/lleida-city-sightseeing-tour-la-seu-vella-groups-and-private-tours-with-an-official-tour-guide-t1152844/?partner_id=IBO5PAK&utm_medium=local_partners","https://cdn.getyourguide.com/img/tour/3e6ee15c59fa17a997936dc2ea55baf26249970213d15de9033e43ab5c42e47b.jpeg/99.jpg","",""
"128","lleida","lleida","sea","Sea & Adventure","Discover Aigüestortes National Park: guided trek to Amitges","You'll discover one of the most breathtaking landscapes in the Catalan Pyrenees on a guided hike through the Parc Nacional d'Aigüestortes i Estany de Sant Maurici…","200","from 200€","","","discover aigüestortes national park: guided trek to amitges lleida sea","Hiking","https://www.getyourguide.com/lleida-l100032/discover-aiguestortes-national-park-guided-trek-to-amitges-t1334801/?partner_id=IBO5PAK&utm_medium=local_partners","https://cdn.getyourguide.com/img/tour/3743f3093bb06d9507a2171422ea763924351b97d733e278a4560a980b653b8d.jpg/99.jpg","",""
"129","tarragona","tarragona","culture","Culture","Tarragona: Roman Heritage Guided Walking Tour","Discover the Roman heritage of Tarragona on a guided walking tour. Visit the Roman walls and amphitheater.","15","from 15€","4.7","top-pick","tarragona: roman heritage guided walking tour tarragona culture","Roman Heritage","https://www.getyourguide.com/tarragona-l1293/tarragona-roman-heritage-guided-walking-tour-t388963/?partner_id=IBO5PAK&utm_medium=local_partners","https://cdn.getyourguide.com/img/tour/5f04a19e26ae8.jpeg/99.jpg","",""
"130","tarragona","tarragona","culture","Culture","Tarragona: Cathedral Entry Ticket","Marvel at art and important architecture with a visit to Tarragona Cathedral. Explore the 13th-century structure and see columns with biblical and moral themes.","13","from 13€","4.4","","tarragona: cathedral entry ticket tarragona culture","Entry Ticket","https://www.getyourguide.com/tarragona-l1293/tarragona-cathedral-entry-ticket-t387676/?partner_id=IBO5PAK&utm_medium=local_partners","https://cdn.getyourguide.com/img/tour/d69fd42a8fb1fc78123e88ab29795e544d873ca5529df629a4cf1e24cd71e577.jpg/99.jpg","",""
"131","tarragona","tarragona","sea","Sea & Adventure","Tarragona: Ebro River Guided Kayaking Tour to Miravet","Experience beauty of the Ebro River from Tarragona to Miravet on this guided kayaking tour. Listen to historical stories, spot wildlife, enjoy magical landscapes…","35","from 35€","4.7","","tarragona: ebro river guided kayaking tour to miravet tarragona sea","Water Sports","https://www.getyourguide.com/tarragona-l1293/tarragona-ebro-river-guided-kayaking-tour-to-miravet-t465286/?partner_id=IBO5PAK&utm_medium=local_partners","https://cdn.getyourguide.com/img/tour/fe353e636750d8e2fc8412fbdfea6036b3e4c37ea037d52a842c9af3e0e0b12e.png/99.jpg","",""
"132","tarragona","tarragona","food","Food & Nightlife","Salou: Priorat tasting Wine-Cellar Tour with hotel pickup","Explore a cellar in the Cornudella region of Priorat and see the region’s.","45","from 45€","4.7","","salou: priorat tasting wine-cellar tour with hotel pickup tarragona food","Wine & Food","https://www.getyourguide.com/tarragona-l1293/salou-priorat-tasting-wine-cellar-tour-with-hotel-pickup-t212676/?partner_id=IBO5PAK&utm_medium=local_partners","https://cdn.getyourguide.com/img/tour/61c59d6258538.jpeg/99.jpg","",""
"133","tarragona","tarragona","tours","Tour","Flamingo-Birdwatching in the Ebro Delta at Sunset","Join our mesmerizing Flamingo Watching Tour as we birdwatch through the Ebro Delta Natural Park at sunset, allowing you to witness the stunning spectacle of these…","40","from 40€","4.5","","flamingo-birdwatching in the ebro delta at sunset tarragona tours","Guided Tour","https://www.getyourguide.com/tarragona-l1293/flamingo-birdwatching-in-the-ebro-delta-at-sunset-t554713/?partner_id=IBO5PAK&utm_medium=local_partners","https://cdn.getyourguide.com/img/tour/6488a6357249723f3056e3fb959605809ecb71a4eb12a2b79b40cd38f4fde3ba.jpg/99.jpg","",""
"134","tarragona","tarragona","sea","Sea & Adventure","Palamós: Catamaran Excursion to the Formigues Islands and Cap Roig","Discover the Formigues Islands, Cap Roig, and Palamós from the sea... Fall in love with the wildest landscapes of the Costa Brava!","30","from 30€","4.4","","palamós: catamaran excursion to the formigues islands and cap roig tarragona sea","Boat Trip","https://www.getyourguide.com/tarragona-l1293/catamaran-excursion-from-palamos-to-the-formigues-islands-and-cap-roig-t1290190/?partner_id=IBO5PAK&utm_medium=local_partners","https://cdn.getyourguide.com/img/tour/31d98725f3c703cb0709625e5e152e2666e8a9d3c02034afb6f69a6806b5dcc2.png/99.jpg","",""
"135","tarragona","tarragona","tours","Tour","Salou: Private Zodiac Boat Trip Through the Coves of Salou","Make as many stops as you want to cool off and enjoy a day at sea on a private Zodiac boat cruise in Salou. Explore the coves of Salou and the cost of Cap Salou.","240","from 240€","5.0","","salou: private zodiac boat trip through the coves of salou tarragona tours","Guided Tour","https://www.getyourguide.com/tarragona-l1293/paseo-privado-en-zodiac-por-las-calas-de-salou-t469784/?partner_id=IBO5PAK&utm_medium=local_partners","https://cdn.getyourguide.com/img/tour/2d0fbdef109b25017de9bda41bea2e0eaac2eb9a70869ef3f2c57d8e1526161a.jpg/99.jpg","",""
"136","tarragona","tarragona","sea","Sea & Adventure","Salou: Mussara Mountains Paragliding","Take to the skies with a 20-minute paragliding experience over the mountains of Mussara, Tarragona. Enjoy a convenient hotel pickup and fly at an altitude of up to…","171","from 171€","4.9","","salou: mussara mountains paragliding tarragona sea","Guided Tour","https://www.getyourguide.com/tarragona-l1293/from-salou-paragliding-in-the-mountains-with-hotel-pickup-t168646/?partner_id=IBO5PAK&utm_medium=local_partners","https://cdn.getyourguide.com/img/tour/5c3fc1476df27.jpeg/99.jpg","",""
"137","tarragona","tarragona","sea","Sea & Adventure","Villajoyosa: Kayak, Snorkel & Cliff Jumping Tour","Discover the hidden coves of Villajoyosa on a guided kayak and snorkel adventure. Paddle along the rugged coastline, swim in crystal-clear waters, and enjoy the…","50","from 50€","4.6","","villajoyosa: kayak, snorkel & cliff jumping tour tarragona sea","Water Sports","https://www.getyourguide.com/tarragona-l1293/villajoyosa-kayak-snorkel-cliff-jumping-tour-t1376428/?partner_id=IBO5PAK&utm_medium=local_partners","https://cdn.getyourguide.com/img/tour/c32df22bef2b9a7c4d67ac104ecc7ccf2ab139caeaaa13f9697c802bfb8b1b07.png/99.jpg","",""
"138","tarragona","tarragona","sea","Sea & Adventure","Tarragona: Jet ski rental without license.","- Jet ski with no license or experience required - Discover the breathtaking coastline of Costa Dorada - FREE photos and videos - Important: have fun and enjoy with…","80","from 80€","4.9","","tarragona: jet ski rental without license. tarragona sea","Water Sports","https://www.getyourguide.com/tarragona-l1293/tarragona-jet-ski-rental-without-a-license-t1311771/?partner_id=IBO5PAK&utm_medium=local_partners","https://cdn.getyourguide.com/img/tour/83c72b0cadb05fe192b257f43dfb2f8aad9234abe4440ec59ba16c45777760b8.png/99.jpg","",""
"139","tarragona","reus","culture","Culture","Reus: Trampoline Park Entry Ticket","Jump, climb, and play in Reus with entry to a trampoline park featuring 150 trampolines, inflatable parkour, indoor fútbol, and an acrobatics airbag.","8","from 8€","","","reus: trampoline park entry ticket reus culture","Entry Ticket","https://www.getyourguide.com/reus-l148575/reus-trampoline-park-entry-ticket-t1328869/?partner_id=IBO5PAK&utm_medium=local_partners","https://cdn.getyourguide.com/img/tour/fa347ad746973e64c9546e8700a9bd52d403366242411b5d8616c6b9cf320635.jpg/99.jpg","",""
"140","girona","girona","tours","Tour","ONLY Game of Thrones Sightseeing Tour - All the spots in one hour","Unique and exclusive sightseeing tour of Game of Thrones locations. We won't show you the typical sights of the city; we'll get straight to the point with a visit…","32","from 32€","4.9","","only game of thrones sightseeing tour - all the spots in one hour girona tours","Guided Tour","https://www.getyourguide.com/girona-l550/only-game-of-thrones-sightseeing-tour-all-the-spots-in-one-hour-t797388/?partner_id=IBO5PAK&utm_medium=local_partners","https://cdn.getyourguide.com/img/tour/5b7d6efbaa6b7c05a89f3cee2930108f9ac1e389a0a24d75a91b5b00e3c18f72.png/99.jpg","",""
"141","girona","girona","culture","Culture","Girona: Guided 2-Hour Walking Tour with Food Tasting","Discover the most beautiful landmarks of Girona on this guided 2-Hour walking tour. Learn about its history, from its Roman beginnings to the present, and sample…","35","from 35€","4.9","","girona: guided 2-hour walking tour with food tasting girona culture","Guided Tour","https://www.getyourguide.com/girona-l550/girona-guided-2-hour-walking-tour-t284437/?partner_id=IBO5PAK&utm_medium=local_partners","https://cdn.getyourguide.com/img/tour/5d444ce8b0e37.jpeg/99.jpg","",""
"142","barcelona","sant-cugat-del-valles","culture","Culture","Sant Cugat del Valles: Monastery Admission with Audioguide","Explore this major medieval monastery at your own pace, while listening to the audio guide on your own smartphone. Discover the two guided routes of the monumental…","6","from 6€","2.9","top-pick","sant cugat del valles: monastery admission with audioguide sant-cugat-del-valles culture","Entry Ticket","https://www.getyourguide.com/sant-cugat-del-valles-l154613/sant-cugat-del-valles-monastery-admission-with-audioguide-t418067/?partner_id=IBO5PAK&utm_medium=local_partners","https://cdn.getyourguide.com/img/tour/6270e30ad029a.jpeg/99.jpg","",""
"143","barcelona","sant-cugat-del-valles","culture","Culture","Sant Cugat del Vallès: Comic and Illustration Museum Ticket","Take a journey through the history of comics and their protagonists, the different stages of the medium, and the evolution of its language at the Comic and…","9","from 9€","5.0","","sant cugat del vallès: comic and illustration museum ticket sant-cugat-del-valles culture","Entry Ticket","https://www.getyourguide.com/sant-cugat-del-valles-l154613/sant-cugat-del-valles-comic-and-illustration-museum-ticket-t417903/?partner_id=IBO5PAK&utm_medium=local_partners","https://cdn.getyourguide.com/img/tour/626bb6883f04a.jpeg/99.jpg","",""
"144","barcelona","sant-cugat-del-valles","culture","Culture","Guided visits to the Monastery of Sant Cugat","GUIDED TOUR OF THE MONASTERY CLOISTER The most complete guided visit to learn about the importance of the Sant Cugat Monastery in the history of Catalonia.","8","from 8€","","","guided visits to the monastery of sant cugat sant-cugat-del-valles culture","Guided Tour","https://www.getyourguide.com/sant-cugat-del-valles-l154613/guided-visits-to-the-monastery-of-sant-cugat-t1196050/?partner_id=IBO5PAK&utm_medium=local_partners","https://cdn.getyourguide.com/img/tour/5404f02aa43327437a2630c71856343644d4dbd112b14ad1194f175f7a621b6e.png/99.jpg","",""
"145","barcelona","sant-cugat-del-valles","tours","Tour","Barcelona: Visita guiada por Sant Cugat","Discover Sant Cugat through the eyes of a local comedian on this walking tour. Explore the city centers's most authentic stories and legends while being entertained…","14","from 14€","","","barcelona: visita guiada por sant cugat sant-cugat-del-valles tours","Guided Tour","https://www.getyourguide.com/sant-cugat-del-valles-l154613/barcelona-visita-guiada-por-sant-cugat-t463640/?partner_id=IBO5PAK&utm_medium=local_partners","https://cdn.getyourguide.com/img/tour/8799d2ad2262ac6fbe56499a0cd95a479cc62a5852522c2c503b799078b3294c.png/99.jpg","",""
"146","barcelona","sant-cugat-del-valles","culture","Culture","Sant Cugat del Vallès: Cal Gerrer House Museum Entry Ticket","Visit the Cal Gerrer House Museum in Sant Cugat del Vallès. Use your entry ticket to access the museum's permanent and temporary exhibitions, including a private…","7","from 7€","","","sant cugat del vallès: cal gerrer house museum entry ticket sant-cugat-del-valles culture","Entry Ticket","https://www.getyourguide.com/sant-cugat-del-valles-l154613/sant-cugat-del-valles-cal-gerrer-house-museum-entry-ticket-t417914/?partner_id=IBO5PAK&utm_medium=local_partners","https://cdn.getyourguide.com/img/tour/62e37de0e25b4.jpeg/99.jpg","",""
"147","barcelona","vilanova-i-la-geltru","sea","Sea & Adventure","Vilanova i la Geltrú: Guided Sitges Coast 3-Hour Kayak Tour","Get off Barcelona's beaten path and see the region's jagged coastline on a 3-hour guided kayak tour between Vilanova i la Geltrú and Sitges with picnic and…","51","from 51€","4.8","","vilanova i la geltrú: guided sitges coast 3-hour kayak tour vilanova-i-la-geltru sea","Water Sports","https://www.getyourguide.com/vilanova-i-la-geltru-l157323/vilanova-i-la-geltru-guided-sitges-coast-3-hour-kayak-tour-t419857/?partner_id=IBO5PAK&utm_medium=local_partners","https://cdn.getyourguide.com/img/tour/6290c68281a08.jpeg/99.jpg","",""
"148","barcelona","vilanova-i-la-geltru","food","Food & Nightlife","Bodega Jaume Serra, Barcelona: the cava that overlooks the sea","Discover the traditional cava-making process on a guided tour of the winery, located on the estate of a 17th-century farmhouse, and enjoy a tasting of 3 cavas.","18","from 18€","4.8","","bodega jaume serra, barcelona: the cava that overlooks the sea vilanova-i-la-geltru food","Guided Tour","https://www.getyourguide.com/vilanova-i-la-geltru-l157323/bodega-jaume-serra-barcelona-the-cava-that-overlooks-the-sea-t1199414/?partner_id=IBO5PAK&utm_medium=local_partners","https://cdn.getyourguide.com/img/tour/822ad479d704d80f1bc382ffb41ae8318d1db1c2f5b4032ddc106305f59c5ea8.jpg/99.jpg","",""
"149","barcelona","vilanova-i-la-geltru","food","Food & Nightlife","Sitges: Private Wine Tasting with Sommelier at Your Villa","Enjoy a private wine tasting at your villa in Sitges. Learn about local wines and cavas from a sommelier, and savor artisan pairings of cheese and charcuterie.","59","from 59€","5.0","","sitges: private wine tasting with sommelier at your villa vilanova-i-la-geltru food","Wine & Food","https://www.getyourguide.com/vilanova-i-la-geltru-l157323/sitges-private-wine-tasting-with-sommelier-at-your-villa-t1265475/?partner_id=IBO5PAK&utm_medium=local_partners","https://cdn.getyourguide.com/img/tour/ef5fa907498a41d4ca98ade0a771e2ffdc408db555371ada3d5f003e7fbc8f92.jpg/99.jpg","",""
"150","barcelona","vilanova-i-la-geltru","tours","Tour","Barcelona (Vilanova i la Geltrú): Sea excursion, swimming, sunset","Rental with skipper – QUEEN III Guy Couach 1000 Sport - 2010 Harbor of Vilanova i la Geltrú (Spain) 30 km from Barcelona.","297","from 297€","","","barcelona (vilanova i la geltrú): sea excursion, swimming, sunset vilanova-i-la-geltru tours","Guided Tour","https://www.getyourguide.com/vilanova-i-la-geltru-l157323/bcn-vilanova-i-la-geltru-outing-swimming-mega-wing-sunset-t1396817/?partner_id=IBO5PAK&utm_medium=local_partners","https://cdn.getyourguide.com/img/tour/32181ab3f37605f2c1bc6728bc98794b07dc56b5b4140ed39261c2328b98b81d.jpg/99.jpg","",""
"151","barcelona","vilanova-i-la-geltru","sea","Sea & Adventure","Barcelona (Vilanova i la Geltrú): Sightseeing and swimming by boat with skipper","Vilanova i la Geltrú Board the DARK BLUE, a boat that perfectly balances comfort, style, and power. For an outing with family, friends, or as a couple, for a day…","152","from 152€","","","barcelona (vilanova i la geltrú): sightseeing and swimming by boat with skipper vilanova-i-la-geltru sea","Boat Trip","https://www.getyourguide.com/vilanova-i-la-geltru-l157323/vilanova-i-la-geltru-sightseeing-and-swimming-by-boat-with-skipper-t1396415/?partner_id=IBO5PAK&utm_medium=local_partners","https://cdn.getyourguide.com/img/tour/2a5a6eb81d00e385a6ccbbd262baab19a6b093b88f090907d8bd06f4da2ad482.jpg/99.jpg","",""
"152","barcelona","castelldefels","food","Food & Nightlife","Castelldefels: Tapas Tour with a Local Guide","Meet Merche in Castelldefels and enjoy a sunset tapas crawl: 3 beachfront bars, 8–10 tapas per stop, and 1 drink each, just 20 minutes from Barcelona.","75","from 75€","","","castelldefels: tapas tour with a local guide castelldefels food","Wine & Food","https://www.getyourguide.com/castelldefels-l102102/castelldefels-beach-tapas-tour-with-full-dinner-drinks-t1275164/?partner_id=IBO5PAK&utm_medium=local_partners","https://cdn.getyourguide.com/img/tour/7c0f010332208ff31bdca0d37b332b0ae51671c864c2db324a66ddb4ca1ee49a.jpeg/99.jpg","",""
"153","barcelona","castelldefels","sea","Sea & Adventure","1 hour Jet Ski Tour Castelldefels – Garraf Coast + Transport","Ride a jet ski along the stunning Garraf Coast in Castelldefels near Sitges. No license needed. Enjoy a guided tour over crystal-clear waters with transport…","260","from 260€","","","1 hour jet ski tour castelldefels – garraf coast + transport castelldefels sea","Water Sports","https://www.getyourguide.com/castelldefels-l102102/1-hour-jet-ski-tour-castelldefels-garraf-coast-transport-t1225216/?partner_id=IBO5PAK&utm_medium=local_partners","https://cdn.getyourguide.com/img/tour/aa0cb7d34ab657ab49cfdf03e3a6cb27d8d4cbb86e809602fad28383758dd5d7.jpg/99.jpg","",""
